time,value
977943,[2]
999325,"[2, 7]"
1498793,[7]
1535193,[]
1686820,[4]
1689049,"[8, 4]"
1749153,"[8, 4, 5]"
1812755,"[4, 5, 6, 8]"
1891939,"[1, 4, 5, 6, 8]"
2009757,"[1, 4, 5, 6]"
2065201,"[1, 3, 4, 5, 6]"
2126899,"[1, 3, 4, 6]"
2181726,"[1, 3, 6]"
2275994,"[1, 3]"
2644980,[1]
2687014,[]
213055653,[1]
304053622,"[1, 5]"
322054193,[1]
354051336,"[1, 5]"
371899314,[5]
371928915,"[1, 5]"
372122615,[5]
373041013,"[1, 5]"
375936831,[5]
386038963,"[1, 5]"
389052301,"[1, 5, 7]"
394946326,"[5, 7]"
397059510,"[3, 5, 7]"
406039930,"[3, 5]"
420489126,[5]
436054572,"[1, 5]"
437664313,[1]
437693043,"[1, 5]"
437858772,[1]
438045274,"[1, 7]"
439057703,"[1, 7, 8]"
439322017,"[7, 8]"
443034931,"[5, 7, 8]"
444054088,"[3, 5, 7, 8]"
444590813,"[3, 7, 8]"
446038783,"[1, 3, 7, 8]"
448032932,"[1, 3, 4, 7, 8]"
451037691,"[1, 2, 3, 4, 7, 8]"
451045109,"[1, 2, 3, 4, 6, 7, 8]"
453793609,"[2, 3, 4, 6, 7, 8]"
453821722,"[1, 2, 3, 4, 6, 7, 8]"
453980586,"[2, 3, 4, 6, 7, 8]"
457228633,"[2, 3, 4, 6, 7]"
464928218,"[2, 3, 6, 7]"
469455342,"[2, 3, 6]"
469484605,"[2, 3, 6, 7]"
469651188,"[2, 3, 6]"
470472554,"[2, 3]"
471051415,"[1, 2, 3]"
471409930,"[1, 3]"
473033945,"[1, 3, 7]"
473258908,"[3, 7]"
479044490,"[1, 3, 7]"
480458270,"[1, 7]"
480487130,"[1, 3, 7]"
480643769,"[1, 7]"
482023944,"[1, 3, 7]"
491034330,"[1, 3, 7, 8]"
492045646,"[1, 3, 5, 7, 8]"
492604940,"[1, 3, 7, 8]"
497032615,"[1, 3, 4, 7, 8]"
501038916,"[1, 3, 4, 6, 7, 8]"
503049450,"[1, 2, 3, 4, 6, 7, 8]"
516044730,"[1, 2, 3, 4, 5, 6, 7, 8]"
518941187,"[1, 2, 3, 4, 6, 7, 8]"
520278697,"[1, 2, 4, 6, 7, 8]"
520307628,"[1, 2, 3, 4, 6, 7, 8]"
520470078,"[1, 2, 4, 6, 7, 8]"
520505391,"[1, 2, 3, 4, 6, 7, 8]"
521584208,"[1, 2, 3, 4, 6, 7]"
521614602,"[1, 2, 3, 4, 6, 7, 8]"
521776302,"[1, 2, 3, 4, 6, 7]"
525466742,"[1, 2, 4, 6, 7]"
526842341,"[1, 2, 6, 7]"
526872912,"[1, 2, 4, 6, 7]"
527032336,"[1, 2, 6, 7]"
527041360,"[1, 2, 6, 7, 8]"
532026486,"[1, 2, 5, 6, 7, 8]"
532055918,"[1, 2, 3, 5, 6, 7, 8]"
533038040,"[1, 2, 3, 4, 5, 6, 7, 8]"
533110086,"[1, 3, 4, 5, 6, 7, 8]"
533139120,"[1, 2, 3, 4, 5, 6, 7, 8]"
533299879,"[1, 3, 4, 5, 6, 7, 8]"
534016875,"[1, 4, 5, 6, 7, 8]"
534025033,"[1, 2, 4, 5, 6, 7, 8]"
534057903,"[1, 2, 3, 4, 5, 6, 7, 8]"
534307037,"[1, 2, 4, 5, 6, 7, 8]"
535023558,"[1, 2, 4, 5, 6, 7, 8]"
535260003,"[1, 2, 4, 5, 7, 8]"
535289587,"[1, 2, 4, 5, 6, 7, 8]"
535447044,"[1, 2, 4, 5, 7, 8]"
542887339,"[1, 2, 4, 5, 8]"
542915720,"[1, 2, 4, 5, 7, 8]"
543073844,"[1, 2, 4, 5, 8]"
550997170,"[1, 2, 4, 8]"
551025324,"[1, 2, 4, 5, 8]"
551197025,"[1, 2, 4, 8]"
554164964,"[2, 4, 8]"
554192821,"[1, 2, 4, 8]"
554350697,"[2, 4, 8]"
569038493,"[2, 4, 5, 8]"
571037498,"[1, 2, 4, 5, 8]"
574040533,"[2, 4, 5, 8]"
574046683,"[2, 4, 5, 7, 8]"
574110243,"[2, 4, 5, 7]"
574138716,"[2, 4, 5, 7, 8]"
574319020,"[2, 4, 5, 7]"
575355617,"[2, 4, 5]"
577211012,"[2, 4]"
579035461,"[2, 4, 8]"
580039484,"[2, 3, 4, 8]"
580265158,"[2, 3, 4]"
580574572,"[2, 4]"
592671998,"[2, 4]"
592718927,"[2, 4, 6]"
592912221,"[2, 4]"
600027887,"[2, 4, 7]"
600625565,"[2, 4]"
603045129,"[1, 2, 4]"
605146177,"[1, 2]"
605197892,"[1, 2, 4]"
605487681,"[1, 2]"
606026940,[2]
612037930,"[2, 3]"
612044013,"[1, 2, 3]"
612807338,"[1, 2]"
614210372,[2]
614237683,"[1, 2]"
614399399,[2]
617023410,"[2, 5]"
617036891,"[2, 5, 7]"
618688065,"[2, 7]"
620042127,"[2, 3, 7]"
620738787,"[2, 3]"
620780360,"[2, 3, 7]"
621048188,"[2, 3]"
624107824,[2]
624138003,"[2, 3]"
624298988,[2]
627032302,"[2, 8]"
627593167,[2]
629000207,[]
629027998,[2]
629182024,[]
630031820,[4]
631004047,[]
637046585,[2]
638779315,[]
640051812,[6]
640751801,[]
647040695,[1]
647988504,[]
652032914,[7]
653022466,"[7, 8]"
653089118,[8]
653509384,[]
656032256,[3]
657126779,[]
660029553,[5]
660974320,[]
662021366,[4]
662023274,"[2, 4]"
663371202,[4]
663550444,[]
665044933,[6]
665743087,[]
669031041,[5]
670006501,[]
670026068,[8]
671034710,"[4, 8]"
675014126,[8]
675059487,"[4, 8]"
675309761,[8]
675550903,[]
677021424,[5]
677786680,[]
679025870,[2]
681045834,"[2, 6]"
681508741,[6]
681534150,"[2, 6]"
681721435,[6]
684808193,[]
684833692,[6]
685016678,[]
685031214,[5]
685591927,[]
694041820,[1]
695857272,[]
700039031,[7]
701741036,[]
703034520,[8]
704031621,"[3, 8]"
705797241,[8]
706028710,"[4, 8]"
706945922,[8]
708042455,"[5, 8]"
709409140,[8]
709433856,"[5, 8]"
709597725,[8]
710572000,[]
713026052,[2]
714005252,[]
716026182,[6]
717022630,"[5, 6]"
717115679,[5]
717585362,[]
718033679,[5]
718423656,[]
726032347,[5]
726442893,[]
733023324,[5]
733561138,[]
738025507,[1]
738744030,[]
743025031,[7]
743956333,[]
747024626,[3]
747976557,[]
748031886,[1]
748829753,[]
753021627,[7]
753028784,"[7, 8]"
753815866,[8]
754837122,[]
755029737,[4]
755030099,"[1, 4]"
755783655,[4]
756565121,[]
757022372,[3]
757896292,[]
758037149,[5]
758494929,[]
760023273,[7]
760839612,[]
762027699,[2]
763767797,[]
764025394,[3]
764809631,[]
765027847,[6]
766037199,"[1, 6]"
766864725,[1]
768021492,"[1, 7]"
768424677,[7]
768598190,[]
772033931,[3]
772534471,[]
782024823,[5]
782530690,[]
787033168,[1]
787898252,[]
791022914,[1]
791025801,"[1, 7]"
792039748,[1]
793021526,"[1, 7]"
793494399,[1]
793727717,[]
795030709,[8]
796021834,"[1, 8]"
796024688,"[1, 3, 8]"
796171339,"[1, 3]"
797911446,[1]
797957776,"[1, 3]"
798039168,"[1, 3, 4]"
798275260,"[1, 4]"
798465749,[4]
798929440,[]
799021705,[1]
799036443,"[1, 5]"
800027923,"[1, 5, 7]"
800610125,"[1, 5]"
801472357,[1]
801498576,"[1, 5]"
801528085,[5]
801674380,[]
802024440,[7]
802628637,[]
803039519,[3]
803980660,[]
805024248,[8]
805033621,"[2, 8]"
805896179,[8]
806025360,"[3, 8]"
806029548,"[3, 6, 8]"
806135155,"[3, 6]"
806497249,[6]
806960324,[]
808022761,[4]
808022878,"[1, 4]"
808840330,[1]
810024516,"[1, 7]"
810478405,[1]
812026582,"[1, 8]"
813024268,"[1, 4, 8]"
813028479,"[1, 2, 4, 8]"
813172928,"[1, 2, 4]"
813622931,"[2, 4]"
813648504,"[1, 2, 4]"
813801457,"[2, 4]"
814008659,[4]
814021063,"[3, 4]"
814280419,[3]
814465114,[]
816030239,[6]
817023178,"[6, 7]"
817160774,[7]
817624187,[]
819028084,[8]
819685534,[]
820022418,[3]
820572905,[]
822053234,[2]
823034360,"[2, 4]"
823128067,[4]
823684765,[]
824033113,[6]
825522068,[]
829024005,[2]
829686554,[]
832033570,[6]
832678088,[]
835026846,[5]
836140554,[]
837030213,[1]
839717317,[]
841024016,[7]
841577594,[]
844028169,[8]
845493357,[]
845518657,[8]
845716819,[]
846024507,[3]
846036426,"[3, 4]"
846509999,[4]
847089157,[]
848033462,[4]
848507771,[]
852033315,[8]
852566233,[]
853028400,[2]
854023831,"[2, 8]"
854024594,"[2, 4, 8]"
854334424,"[4, 8]"
854360956,"[2, 4, 8]"
854523205,"[4, 8]"
854575099,[8]
854655113,[]
856023092,[4]
856037660,"[4, 6]"
856637862,[6]
857599805,[]
857625895,[6]
857789184,[]
862025271,[2]
862026354,"[2, 8]"
862034619,"[1, 2, 8]"
862599706,"[1, 2]"
862906508,[1]
862932796,"[1, 2]"
863037505,"[1, 2, 4]"
863110205,"[1, 4]"
863801668,[1]
864023559,"[1, 6]"
864779855,[1]
864804865,[]
866024107,[7]
866036852,"[6, 7]"
866514302,[6]
866873041,[]
869035592,[8]
869545089,[]
871022795,[3]
871025344,"[2, 3]"
871026231,"[2, 3, 4]"
871507893,"[2, 4]"
871526810,[4]
871608483,[]
874031523,[6]
874570646,[]
878023943,[2]
878044720,"[1, 2]"
878527793,[1]
880225201,[]
881023768,[6]
881493931,[]
883024044,[7]
884028804,"[5, 7]"
885025902,[5]
885097397,[]
887045069,[3]
889212138,[]
889250301,[3]
889423111,[]
894035053,[8]
894580414,[]
896023182,[4]
896590015,[]
903039663,[2]
903616688,[]
906034231,[6]
906773915,[]
913029464,[1]
914040056,[]
918037813,[7]
919022828,"[7, 8]"
919210600,[8]
919542389,[]
921028098,[4]
921516780,[]
922023924,[3]
922906665,[]
928035912,[2]
928531642,[]
931047625,[6]
931748133,[]
936023505,[8]
937928002,[]
938032304,[4]
939849198,[]
939873257,[4]
940030101,[]
945026262,[2]
946990356,[]
948035133,[6]
950183462,[]
950208295,[6]
950359799,[]
952022040,[5]
952947714,[]
960023180,[5]
961025342,"[1, 5]"
961068341,[1]
962243934,[]
967045147,[7]
968021305,"[5, 7]"
968239623,[5]
969022601,"[5, 8]"
970295382,[5]
970331863,[]
971023756,[3]
972029620,"[3, 4]"
972038441,[4]
972881335,[]
977023043,[5]
977677560,[]
979025715,[2]
983026908,"[2, 6]"
984267276,[2]
992022908,"[2, 5]"
992925677,[2]
1001022241,"[2, 5]"
1010510547,[5]
1010537405,"[2, 5]"
1010701806,[5]
1019034971,"[5, 8]"
1022023852,"[4, 5, 8]"
1029043312,"[2, 4, 5, 8]"
1030024860,"[1, 2, 4, 5, 8]"
1030220995,"[1, 4, 5, 8]"
1032028710,"[1, 4, 5, 6, 8]"
1032648913,"[1, 4, 6, 8]"
1032675463,"[1, 4, 5, 6, 8]"
1035026523,"[1, 4, 5, 6, 7, 8]"
1035204336,"[1, 4, 6, 7, 8]"
1035229521,"[1, 4, 5, 6, 7, 8]"
1035376793,"[1, 4, 6, 7, 8]"
1039023926,"[1, 3, 4, 6, 7, 8]"
1042022506,"[1, 3, 4, 5, 6, 7, 8]"
1042787021,"[1, 3, 4, 6, 7, 8]"
1043128390,"[1, 3, 4, 6, 7]"
1043152739,"[1, 3, 4, 6, 7, 8]"
1043314455,"[1, 3, 4, 6, 7]"
1053130648,"[1, 3, 6, 7]"
1053156562,"[1, 3, 4, 6, 7]"
1053348449,"[1, 3, 6, 7]"
1057225141,"[1, 3, 6]"
1057264954,"[1, 3, 6, 7]"
1059360076,"[3, 6, 7]"
1059390322,"[1, 3, 6, 7]"
1061048398,"[1, 3, 6]"
1061074806,"[1, 3, 6, 7]"
1061266577,"[1, 3, 6]"
1064936901,"[3, 6]"
1064961572,"[1, 3, 6]"
1065122718,"[3, 6]"
1065417012,[3]
1065443034,"[3, 6]"
1065604528,[3]
1066022746,"[3, 5]"
1066997001,[3]
1068368110,[]
1068395872,[3]
1070027472,"[1, 3]"
1071004695,[3]
1071855842,[]
1071881066,[3]
1072024751,[]
1074029195,[7]
1075172051,[]
1080032357,[1]
1080050360,"[1, 3]"
1081082270,[1]
1082456039,[]
1083023658,[5]
1083024186,"[1, 5]"
1084024984,"[1, 5, 7]"
1084507201,"[1, 5]"
1085028176,"[1, 5, 7]"
1085482534,"[1, 5]"
1085678019,[1]
1085703722,"[1, 5]"
1085858168,[1]
1085948453,[]
1087024628,[8]
1087025849,"[3, 8]"
1087542195,[8]
1088098428,[]
1089033050,[3]
1089992918,[]
1090034925,[4]
1090035708,"[1, 4]"
1090921846,[1]
1092453106,[]
1093027437,[7]
1093691002,[]
1094035032,[1]
1096030717,"[1, 8]"
1096939207,[8]
1097026295,"[2, 8]"
1097033460,"[2, 3, 8]"
1097490719,"[2, 8]"
1098022723,"[2, 4, 8]"
1098039850,"[2, 4, 6, 8]"
1098293061,"[4, 6, 8]"
1098363191,"[4, 6]"
1099023148,"[1, 4, 6]"
1099758200,"[1, 4]"
1100024479,"[1, 4, 7]"
1100270914,"[1, 7]"
1100563707,[1]
1101032990,"[1, 7]"
1101516457,[1]
1101628137,[]
1104022479,[8]
1104027768,"[2, 8]"
1104877434,[2]
1105024198,"[2, 4]"
1105025111,"[2, 3, 4]"
1105276766,"[3, 4]"
1105578760,[4]
1106021006,"[3, 4]"
1106127993,[3]
1106540477,[]
1108028356,[6]
1109264145,[]
1111023854,[8]
1111477329,[]
1113024448,[2]
1114038977,"[2, 4]"
1114460329,[2]
1115402744,[]
1116023199,[6]
1118592299,[]
1121034625,[1]
1121041080,"[1, 2]"
1121785894,[1]
1123568846,[]
1124021127,[6]
1124029126,"[6, 7]"
1124535599,[7]
1124580668,[]
1127021833,[5]
1128023331,"[5, 8]"
1128240891,[8]
1129033269,[]
1130024004,[4]
1130027750,"[3, 4]"
1130552391,[4]
1131058857,[]
1136035511,[8]
1136466689,[]
1136491214,[8]
1136888390,[]
1137021043,[2]
1138024698,"[2, 4]"
1138396230,[4]
1138491438,[]
1139034330,[4]
1139593023,[]
1140020671,[6]
1140957709,[]
1145026604,[8]
1145556262,[]
1146020310,[2]
1146025792,"[1, 2]"
1146033279,"[1, 2]"
1146559767,[1]
1146684831,[1]
1147023313,"[1, 4]"
1147419514,[1]
1148020002,"[1, 6]"
1149042608,[1]
1149068248,"[1, 6]"
1149341563,[1]
1149524875,[]
1150044878,[7]
1150517128,[]
1153019412,[8]
1153022195,[8]
1153430442,[]
1153450930,[]
1154024538,[2]
1154502170,[]
1155026143,[3]
1155026580,"[3, 4]"
1155513536,[4]
1155821210,[]
1155846252,[4]
1156016542,[]
1157037919,[6]
1157784706,[]
1162023492,[2]
1162033197,"[1, 2]"
1162506696,[1]
1163036444,"[1, 2]"
1163492247,[1]
1164183013,[]
1164207079,[1]
1164357747,[]
1165044671,[6]
1165700180,[]
1166022996,[6]
1166556126,[]
1167036647,[7]
1167040125,"[5, 7]"
1168167115,[7]
1169485068,[]
1169510128,[7]
1169664746,[]
1171028434,[3]
1173445026,[]
1173468869,[3]
1173611937,[]
1178033266,[8]
1178469371,[]
1180023334,[4]
1180441930,[]
1187049450,[2]
1187589808,[]
1190063293,[6]
1190854201,[]
1203033047,[8]
1203465231,[]
1205023514,[4]
1205024086,"[1, 4]"
1205421059,[1]
1206023044,[]
1210033456,[7]
1211016046,[]
1212038637,[2]
1212545335,[]
1214038941,[3]
1214974300,[]
1215026894,[6]
1215638810,[]
1218033834,[5]
1218999274,[]
1220036602,[8]
1222023383,"[4, 8]"
1222391816,[4]
1222422639,"[4, 8]"
1222570846,[4]
1223868085,[]
1223892549,[4]
1224043521,[]
1227021572,[5]
1228028890,[]
1229035990,[2]
1231843927,[]
1231869784,[2]
1232025846,"[2, 6]"
1232032143,[6]
1235659358,[]
1244033939,[5]
1245023877,"[1, 5]"
1245096872,[1]
1246095140,[]
1251023695,[7]
1252171173,[]
1253021187,[5]
1253956279,[]
1255030354,[3]
1256261106,[]
1259021893,[5]
1260378348,[]
1261022046,[8]
1262077041,[]
1264032260,[4]
1264966604,[]
1268035531,[5]
1269022854,[]
1271045524,[2]
1272352096,[]
1274037046,[6]
1275356187,[]
1278024318,[5]
1278997580,[]
1291061779,[5]
1292469368,[]
1294021934,[5]
1295226319,[]
1296025710,[1]
1297205045,[]
1302049349,[7]
1303022382,"[7, 8]"
1303268222,[8]
1303915461,[]
1305030359,[5]
1305035070,"[4, 5]"
1305036676,"[1, 4, 5]"
1305892056,"[1, 5]"
1305962739,[5]
1306028950,"[3, 5]"
1306073421,[3]
1307110113,[]
1310021813,[7]
1310028969,"[5, 7]"
1311043217,[5]
1311074254,[]
1312037937,[2]
1313047114,[]
1314022187,[3]
1315038594,"[3, 6]"
1316118026,[3]
1316864812,[]
1322024511,[1]
1323029188,[]
1327021729,[7]
1327907175,[]
1331024796,[3]
1332023497,"[1, 3]"
1332184597,[1]
1333030760,"[1, 5]"
1334099280,[5]
1334503776,[]
1335029977,[7]
1335386506,[]
1337023858,[1]
1337964077,[]
1339035847,[3]
1339392655,[]
1341024110,[7]
1342393458,[]
1346023330,[3]
1346024468,"[1, 3]"
1347048986,[1]
1348143069,[]
1350055830,[5]
1351022742,"[5, 7]"
1351416364,[5]
1353910227,[]
1353948661,[5]
1354032133,"[3, 5]"
1354034436,"[3, 5, 8]"
1354134113,"[3, 8]"
1354530741,[8]
1354932114,[]
1356022855,[4]
1356901687,[]
1357023059,[1]
1359022720,"[1, 7]"
1359393668,[1]
1362021877,"[1, 8]"
1362983156,[1]
1363022655,"[1, 2]"
1364010236,[1]
1364023724,"[1, 4]"
1364031358,"[1, 3, 4]"
1364457915,"[1, 4]"
1364914224,[1]
1365022942,"[1, 6]"
1366220958,[1]
1368049296,"[1, 7]"
1368739752,[1]
1371047735,"[1, 2]"
1372048716,"[1, 2, 3]"
1372526817,"[1, 2]"
1372978520,[1]
1374037502,"[1, 6]"
1376035155,"[1, 6, 7]"
1376295467,"[1, 7]"
1376420062,[1]
1379037735,"[1, 8]"
1380035586,"[1, 3, 8]"
1380051474,"[1, 3, 4, 8]"
1380074673,"[1, 3, 4]"
1380508029,"[1, 4]"
1380683604,[4]
1381396073,[]
1383034885,[1]
1386035212,"[1, 8]"
1386447083,[1]
1388034503,"[1, 2]"
1389021556,"[1, 2, 4]"
1389028282,"[1, 2, 4, 7]"
1389211921,"[1, 4, 7]"
1389398502,"[1, 7]"
1389545503,[1]
1391024345,"[1, 7]"
1391031203,"[1, 6, 7]"
1391463544,"[1, 6]"
1392317345,[1]
1392798883,[]
1392826746,[1]
1392989998,[]
1394040476,[3]
1394735182,[]
1395035517,[8]
1396022860,"[3, 8]"
1396031245,[3]
1396035562,"[2, 3]"
1396425406,[2]
1396436779,[]
1397023995,[4]
1397993031,[]
1399033757,[6]
1399572705,[]
1402035460,[5]
1403023978,"[5, 8]"
1403244616,[8]
1403396204,[]
1404022058,[2]
1404988837,[]
1405034472,[4]
1405387323,[]
1407023633,[6]
1408098321,[]
1412021753,[2]
1412022534,"[2, 8]"
1412028128,"[1, 2, 8]"
1412368484,"[1, 8]"
1412389413,[1]
1413250077,[]
1414023444,[4]
1414378497,[]
1415028665,[6]
1415401034,[]
1417038680,[7]
1418220293,[]
1420034188,[8]
1420395453,[]
1421036850,[2]
1421454630,[]
1422024148,[4]
1422028294,"[3, 4]"
1422440761,[3]
1423036445,"[3, 6]"
1423318041,[6]
1423417052,[]
1428023598,[8]
1428385173,[]
1429035651,[1]
1429035918,"[1, 2]"
1429581663,[1]
1430047265,"[1, 4]"
1430512304,[1]
1431766884,[]
1431793334,[1]
1431952848,[]
1432039989,[6]
1432603598,[]
1433034673,[7]
1433423710,[]
1434037253,[5]
1435032195,"[5, 7]"
1435282073,[7]
1436302395,[]
1437024963,[2]
1437464058,[]
1438025982,[3]
1439392143,[]
1439418808,[3]
1439577860,[]
1441023960,[6]
1441403608,[]
1442022564,[8]
1442401284,[]
1444022476,[8]
1444370307,[]
1445046276,[4]
1445609933,[]
1447022771,[4]
1447420038,[]
1450040850,[6]
1450418060,[]
1452037478,[2]
1452490692,[]
1453023080,[2]
1453437767,[]
1457045436,[6]
1457500039,[]
1470062378,[8]
1471266746,[]
1472036418,[4]
1473210672,[]
1479028427,[2]
1480042242,"[1, 2]"
1480178227,[1]
1481043160,[]
1482023395,[6]
1483396844,[]
1485024260,[7]
1486035060,"[7, 8]"
1486113947,[8]
1486450186,[]
1487021415,[8]
1487987507,[]
1488036497,[4]
1488397612,[]
1489030588,[4]
1489978873,[]
1490023729,[3]
1491088044,[]
1494049363,[5]
1495024234,"[2, 5]"
1495184205,[2]
1495394798,[]
1496033734,[2]
1497099999,[]
1498024315,[6]
1498502028,[]
1498526887,[6]
1499758723,[]
1502025519,[5]
1503233560,[]
1510021650,[5]
1511040527,"[1, 5]"
1511211604,[1]
1512220413,[]
1517024199,[7]
1518156462,[]
1519044030,[5]
1520459882,[]
1521025899,[3]
1522100997,[]
1526045624,[5]
1527791390,[]
1534037886,[5]
1535734995,[]
1536022269,[8]
1537346402,[]
1539038950,[4]
1539905998,[]
1544033654,[5]
1545462852,[]
1546112012,[2]
1547185276,[]
1549022965,[6]
1550161278,[]
1552025640,[5]
1553616597,[]
1560028326,[5]
1561174126,[]
1570020601,[8]
1570913296,[]
1572028960,[1]
1572037859,"[1, 4]"
1572901416,[1]
1572990231,[]
1576037760,[5]
1577025280,"[5, 7]"
1577898974,[7]
1578057922,[]
1579034098,[2]
1580028341,"[1, 2]"
1580050641,[1]
1580974381,[]
1581025813,[3]
1582026775,"[3, 6]"
1582082884,[6]
1583023756,[]
1584037562,[5]
1585026530,"[5, 7]"
1585359518,[7]
1586085585,[]
1588021405,[1]
1588964929,[]
1589024446,[3]
1590071422,[]
1594035750,[7]
1595002020,[]
1597034317,[1]
1598035007,"[1, 3]"
1598500221,[3]
1599095191,[]
1600024140,[5]
1601643293,[]
1602040410,[7]
1604015707,[]
1604031188,[1]
1604927789,[]
1606031944,[3]
1607137022,[]
1608024197,[7]
1609260300,[]
1613024277,[1]
1613037524,"[1, 3]"
1614224389,[1]
1614550017,[]
1617053241,[5]
1618025265,"[5, 7]"
1619447424,[5]
1620697357,[]
1620723815,[5]
1620887239,[]
1621033810,[3]
1622023201,"[1, 3]"
1622435638,[1]
1623472459,[]
1627024476,[7]
1628445942,[]
1629024750,[8]
1630025261,[]
1631025647,[3]
1631031630,"[1, 3]"
1631038036,"[1, 3, 4]"
1631975701,"[1, 3]"
1632306181,[1]
1632722730,[]
1635020651,[7]
1636638377,[]
1637023969,[8]
1637981460,[]
1638025480,[2]
1639022873,"[1, 2]"
1639025560,"[1, 2, 3]"
1639029903,"[1, 2, 3, 4]"
1639101034,"[1, 3, 4]"
1640024364,"[1, 3, 4, 6]"
1640028884,"[1, 3, 6]"
1640384070,"[1, 6]"
1640397954,[6]
1641182370,[]
1643020972,[7]
1644490111,[]
1645036021,[8]
1646039927,"[2, 8]"
1646044663,[2]
1647025256,"[2, 3]"
1647054843,"[2, 3, 4]"
1647442495,"[3, 4]"
1648042454,[4]
1648530236,[]
1649027555,[6]
1650345668,[]
1653024106,[8]
1654035091,"[1, 8]"
1654059431,[1]
1655033882,"[1, 2]"
1655407092,[2]
1656024779,"[2, 4]"
1656122950,[4]
1656786104,[]
1658022738,[7]
1658027040,"[6, 7]"
1659367027,[7]
1659537978,[]
1661024489,[8]
1661035921,"[1, 8]"
1662209398,[1]
1662657405,[]
1663025819,[3]
1663033378,"[2, 3]"
1664028084,"[2, 3, 4]"
1664050105,"[3, 4]"
1664121995,[4]
1665111547,[]
1666034094,[6]
1666770371,[]
1667025019,[7]
1668422688,[]
1669028117,[5]
1670020845,"[5, 8]"
1670644310,[8]
1671020252,"[2, 8]"
1671037010,"[2, 3, 8]"
1671084770,"[2, 3]"
1672024427,"[2, 3, 4]"
1672130768,"[3, 4]"
1672130958,[4]
1672730913,[]
1674023547,[6]
1675352889,[]
1679021920,[8]
1679022796,"[2, 8]"
1679026189,"[1, 2, 8]"
1679985042,"[2, 8]"
1680022892,[8]
1680036146,[]
1681023810,[4]
1681703624,[]
1682027741,[6]
1682696599,[]
1684022320,[7]
1685205603,[]
1687021068,[8]
1688022550,"[2, 8]"
1688024167,"[2, 3, 8]"
1688359383,"[2, 3]"
1688853870,[3]
1689218263,[]
1690022739,[6]
1690024897,"[4, 6]"
1690804405,[4]
1691033950,[]
1695054831,[8]
1696028391,"[1, 8]"
1696042703,"[1, 2, 8]"
1696404668,"[1, 2]"
1697041931,"[1, 2, 4]"
1697652077,"[1, 4]"
1697887672,[1]
1698449317,[]
1698475687,[1]
1698663582,[]
1700025150,[6]
1701038240,"[6, 7]"
1701043374,"[5, 6, 7]"
1701328545,"[5, 7]"
1702729500,[7]
1704854823,[]
1705025726,[3]
1705038654,"[2, 3]"
1705871820,[3]
1707565441,[]
1707590341,[3]
1707743201,[]
1708024064,[6]
1708781477,[]
1711035712,[8]
1712060757,[]
1714024985,[4]
1714811803,[]
1720025515,[8]
1720031000,"[2, 8]"
1720792889,[8]
1721084624,[]
1722036112,[4]
1722748830,[]
1723046010,[6]
1723956276,[]
1729025327,[2]
1729826219,[]
1732023294,[6]
1732764354,[]
1737029641,[8]
1738241657,[]
1739024708,[4]
1740190831,[]
1746032222,[2]
1747025515,"[1, 2]"
1747383329,[1]
1747896309,[]
1749025120,[6]
1750385824,[]
1752023957,[7]
1753030264,"[7, 8]"
1754347031,[8]
1755024209,"[4, 8]"
1755261451,[4]
1755286700,"[4, 8]"
1755435704,[4]
1756026790,"[3, 4]"
1756782668,[3]
1756807111,"[3, 4]"
1756956608,[3]
1759047135,[]
1760026652,[5]
1762043786,"[2, 5]"
1764435604,[2]
1764587525,[]
1764615491,[2]
1764766310,[]
1766048829,[6]
1768891651,[]
1769024537,[5]
1770066859,[]
1777022641,[5]
1778023898,"[1, 5]"
1778442947,[1]
1779292916,[]
1784023470,[7]
1786026811,"[5, 7]"
1786197475,[5]
1787355999,[]
1788036283,[3]
1790956581,[]
1793044830,[5]
1794744083,[]
1801048898,[5]
1802807944,[]
1803024044,[8]
1804743551,[]
1806025219,[4]
1807089643,[]
1813031695,[2]
1815355299,[]
1816024660,[6]
1819892645,[]
1828031018,[5]
1829404293,[]
1837024166,[8]
1838024313,"[4, 8]"
1839022968,"[1, 4, 8]"
1841012878,"[1, 4]"
1841996554,[1]
1842472724,[]
1843023795,[7]
1843025344,"[5, 7]"
1845798039,[7]
1845822303,"[5, 7]"
1846008806,[7]
1846033200,"[2, 7]"
1847021157,"[1, 2, 7]"
1847234016,"[1, 7]"
1847436798,[1]
1847793290,[]
1848038330,[3]
1849033595,"[3, 6]"
1850308222,[3]
1851038243,"[3, 5]"
1852023573,"[3, 5, 7]"
1852278316,"[5, 7]"
1853023491,[5]
1853993000,[]
1854017149,[5]
1854168161,[]
1855021628,[1]
1856023021,"[1, 3]"
1856964522,[1]
1857083934,[]
1861035433,[7]
1863901404,[]
1864022303,[1]
1864023254,"[1, 3]"
1865344737,[3]
1865669047,[]
1867024017,[5]
1868033734,"[5, 7]"
1868497488,[5]
1868902194,[]
1871039326,[1]
1872023575,"[1, 3]"
1872077056,[3]
1872581761,[]
1875023356,[7]
1876362418,[]
1880018428,[1]
1880025391,"[1, 3]"
1881216722,[1]
1881245116,[]
1883034958,[5]
1884024755,"[5, 7]"
1884520551,[5]
1886954280,[]
1887003214,[5]
1887219489,[]
1888026334,[3]
1889023141,[]
1896024280,[8]
1897187134,[]
1898023843,[4]
1898857618,[]
1904023835,[8]
1905030685,"[2, 8]"
1905085355,[2]
1906023731,"[2, 4]"
1906926050,[2]
1907019086,"[1, 2]"
1907023006,"[1, 2, 6]"
1908319718,"[2, 6]"
1910034983,"[2, 6, 7]"
1910067967,"[6, 7]"
1910519480,[6]
1912024063,"[6, 8]"
1912029770,"[2, 6, 8]"
1912450391,"[2, 8]"
1913503047,[2]
1913799499,[]
1914030588,[4]
1914045029,"[3, 4]"
1914691251,[4]
1915655774,[]
1916045783,[6]
1919024733,"[6, 8]"
1919157205,[8]
1919452540,[]
1921030367,[1]
1922026400,"[1, 4]"
1922034052,"[1, 2, 4]"
1922518165,"[1, 2]"
1922700689,[2]
1923433995,[]
1924024643,[6]
1925018376,"[1, 6]"
1925069016,"[1, 6, 7]"
1925550178,"[1, 6]"
1925576862,[1]
1926029105,"[1, 7]"
1926463675,[7]
1926761251,[]
1928021048,[1]
1928026437,"[1, 8]"
1929057953,"[1, 2, 8]"
1929438691,"[1, 2]"
1929561772,[2]
1929839479,[]
1930026520,[3]
1930733207,[]
1930761980,[3]
1931032134,"[1, 3]"
1931033003,"[1, 3, 4]"
1931358126,"[1, 4]"
1932035454,"[1, 4, 6]"
1932219763,"[1, 6]"
1932326665,[6]
1933298761,[]
1934025696,[7]
1934701389,[]
1935027606,[7]
1935689710,[]
1936022352,[8]
1936401230,[]
1937046340,[2]
1938024740,"[2, 4]"
1938041284,"[2, 3, 4]"
1938444414,"[2, 3]"
1938595063,[3]
1938811282,[]
1939023634,[3]
1939616105,[]
1940023557,[6]
1941748369,[]
1945022660,[2]
1945586407,[]
1946032986,[1]
1947365948,[]
1948043464,[6]
1948932358,[]
1951031336,[7]
1953949813,[]
1955034594,[3]
1957304901,[]
1962022531,[8]
1962416602,[]
1963042566,[1]
1964022838,"[1, 4]"
1964417133,[1]
1965107648,[]
1965128397,[1]
1965252081,[]
1967044416,[7]
1969738010,[]
1969783408,[7]
1970072438,[]
1971036137,[2]
1971067008,"[2, 3]"
1971077157,"[2, 3, 5]"
1971665526,"[3, 5]"
1972635980,[3]
1973023577,"[3, 6]"
1973070123,[6]
1973096254,"[3, 6]"
1973225604,[6]
1973891302,[]
1978023640,[8]
1978499619,[]
1979022963,[8]
1979385135,[]
1980024084,[4]
1980463680,[]
1981023215,[4]
1981405226,[]
1986036388,[8]
1986465068,[]
1987035744,[2]
1987054502,"[2, 8]"
1987673990,[2]
1988028192,"[2, 4]"
1988426099,[2]
1989047130,"[2, 4]"
1989484296,[2]
1990034350,"[2, 6]"
1992508574,[2]
1992549774,"[2, 6]"
1992748542,[2]
1994022436,"[2, 5]"
1995248918,[2]
1999031370,"[2, 6]"
2001388240,[2]
2001428636,"[2, 6]"
2001654644,[2]
2003040443,"[2, 8]"
2004563732,[2]
2005023017,"[2, 4]"
2006278694,[2]
2016023361,"[2, 6]"
2018028184,[2]
2019036695,"[2, 8]"
2019566702,[2]
2020032000,"[2, 8]"
2022024292,"[2, 4, 8]"
2022450257,"[2, 8]"
2023029523,"[2, 4, 8]"
2032026346,"[2, 4, 6, 8]"
2036410329,"[4, 6, 8]"
2036451039,"[2, 4, 6, 8]"
2040354608,"[4, 6, 8]"
2040378936,"[2, 4, 6, 8]"
2040522924,"[4, 6, 8]"
2048022464,"[1, 4, 6, 8]"
2053814219,"[1, 6, 8]"
2053836863,"[1, 4, 6, 8]"
2053990251,"[1, 6, 8]"
2054033589,"[1, 6, 7, 8]"
2058036498,"[1, 3, 6, 7, 8]"
2065451126,"[1, 3, 7, 8]"
2065476299,"[1, 3, 6, 7, 8]"
2065683555,"[1, 3, 7, 8]"
2065726204,"[1, 3, 6, 7, 8]"
2065939153,"[1, 3, 7, 8]"
2075043108,"[1, 3, 5, 7, 8]"
2076992454,"[1, 3, 5, 7]"
2077023410,"[1, 3, 5, 7, 8]"
2077154768,"[1, 3, 5, 7]"
2077484278,"[1, 3, 5]"
2077509890,"[1, 3, 5, 7]"
2078681987,"[1, 3, 5]"
2078709366,"[1, 3, 5, 7]"
2078905749,"[1, 3, 5]"
2088935191,"[1, 5]"
2088957650,"[1, 3, 5]"
2090034180,"[1, 5]"
2090058554,"[1, 3, 5]"
2090175366,"[1, 5]"
2098072006,[5]
2098096588,"[1, 5]"
2099270387,[5]
2099304940,"[1, 5]"
2099443301,[5]
2106928143,[]
2106952833,[5]
2107025998,"[5, 8]"
2108453781,[5]
2109033689,"[4, 5]"
2110788026,[5]
2112072580,[]
2112094106,[5]
2112213815,[]
2116030548,[2]
2117513380,[]
2119036014,[6]
2128049814,"[6, 8]"
2129019476,"[5, 6, 8]"
2129799813,"[5, 6]"
2130195540,[6]
2131028480,"[4, 6]"
2132222651,[6]
2133049364,"[5, 6]"
2135318849,[6]
2135363308,"[5, 6]"
2136961922,[6]
2137899580,[]
2138031468,[2]
2139449812,[]
2142020323,[6]
2143091421,[]
2144028766,[5]
2145563017,[]
2154023130,[1]
2156706006,[]
2156725881,[1]
2156842889,[]
2158026305,[5]
2158037030,"[5, 7]"
2158702480,[5]
2160018974,"[5, 7]"
2160809432,[7]
2160841551,"[5, 7]"
2161019560,"[1, 5, 7]"
2161049024,"[1, 7]"
2161269583,[1]
2161996025,[]
2162035765,[3]
2162778534,[]
2164033440,[3]
2165018982,"[1, 3]"
2165043910,"[1, 3, 7]"
2165125802,"[1, 7]"
2166209810,[1]
2166534290,[]
2168021332,[7]
2168632127,[]
2170021272,[3]
2171082939,[]
2172018862,[1]
2172948125,[]
2173020329,[3]
2173607523,[]
2174020017,[5]
2175405742,[]
2178024342,[7]
2179086154,[]
2181019874,[3]
2182104723,[]
2183019486,[1]
2184130047,[]
2186021816,[7]
2187097591,[]
2191018059,[3]
2192021113,"[3, 5]"
2192161543,[5]
2195112152,[]
2211018097,[1]
2211037774,"[1, 8]"
2212020718,"[1, 8]"
2212106150,[1]
2213023148,"[1, 7]"
2213029034,"[1, 4, 7]"
2213184301,"[1, 4, 7]"
2213643140,"[1, 4]"
2213822322,[1]
2214018230,[1]
2214019488,"[1, 4]"
2214257667,[4]
2214277569,"[1, 4]"
2214397460,[4]
2215142711,[]
2215534700,[]
2216021985,[7]
2216732853,[]
2217059466,[3]
2217704244,[]
2218022283,[7]
2218621104,[]
2219037045,[8]
2220034553,"[2, 8]"
2221032793,"[2, 3, 8]"
2221037083,"[2, 3, 4, 8]"
2221837613,"[2, 3, 4]"
2221863400,"[2, 3, 4, 8]"
2221970047,"[2, 4, 8]"
2222024815,"[2, 3, 4, 8]"
2222027743,"[2, 3, 4, 6, 8]"
2222051673,"[2, 3, 4, 6]"
2222595469,"[2, 3, 6]"
2222890239,"[2, 6]"
2222990852,[6]
2223012666,"[2, 6]"
2223017422,"[2, 4, 6]"
2223019716,"[1, 2, 4, 6]"
2223175829,"[1, 4, 6]"
2223691676,"[1, 6]"
2224037879,[1]
2224060599,"[1, 6]"
2224190811,[1]
2224512603,[]
2226020994,[7]
2226572872,[]
2228029429,[2]
2229168096,[]
2230031591,[2]
2231021414,"[2, 6]"
2231036146,"[2, 3, 6]"
2231953062,"[2, 6]"
2232134969,[6]
2232230883,[]
2233035758,[6]
2233094430,"[4, 6]"
2233995835,[4]
2234714618,[]
2235022357,[1]
2238011144,[]
2238030196,[2]
2238032114,"[1, 2]"
2238154610,[2]
2240139343,[]
2241020793,[6]
2241031563,"[4, 6]"
2242022378,"[4, 6, 7]"
2242033920,"[4, 5, 6, 7]"
2242320822,"[4, 5, 7]"
2243022828,"[5, 7]"
2243521142,[7]
2243774386,[]
2243796697,[7]
2243934457,[]
2245045381,[3]
2247261180,[]
2247284452,[3]
2247445320,[]
2251067289,[6]
2253021487,"[1, 6]"
2253029922,[1]
2254621745,[]
2258033292,[7]
2258209589,"[7, 8]"
2258586553,[8]
2261034769,[]
2262029449,[3]
2262573342,[]
2265045408,[8]
2266047420,[]
2267026900,[4]
2267788875,[]
2269022184,[8]
2269931990,[]
2270017912,[8]
2270018852,"[1, 8]"
2270840864,[1]
2271020135,"[1, 4]"
2271055920,"[1, 2, 4]"
2271234777,"[2, 4]"
2272321388,[2]
2272344038,"[2, 4]"
2272480846,[2]
2275028589,"[2, 7]"
2275036153,"[2, 6, 7]"
2275786948,"[2, 7]"
2275945924,[7]
2275969280,"[2, 7]"
2276104839,[7]
2276656106,[]
2278022501,[2]
2278025290,"[2, 3]"
2279028497,"[2, 3, 8]"
2280595805,"[2, 3]"
2281019730,"[2, 3, 6]"
2281404816,"[3, 6]"
2281426912,"[2, 3, 6]"
2281565157,"[3, 6]"
2281661898,[6]
2281697717,[]
2282020470,[6]
2282642188,[]
2285032407,[5]
2286156558,[]
2290023510,[6]
2290770693,[]
2294040770,[8]
2295025886,"[2, 8]"
2296247925,[2]
2296270424,"[2, 8]"
2296396691,[2]
2296726566,[]
2303019146,[2]
2305283345,"[2, 4]"
2305675319,[4]
2305696015,"[2, 4]"
2305819896,[4]
2306022760,"[4, 6]"
2307632998,[4]
2307652595,"[4, 6]"
2307777021,[4]
2308622065,[]
2308642410,[4]
2308760408,[]
2311042362,[8]
2312043389,[]
2313018340,[4]
2313597859,[]
2319020154,[1]
2320020524,[]
2320043176,[2]
2321715993,[]
2323019578,[6]
2323782681,[]
2325023465,[7]
2326209490,[]
2327034140,[5]
2328031690,"[5, 8]"
2329017225,"[4, 5, 8]"
2329037841,"[3, 4, 5, 8]"
2329249115,"[3, 4, 5]"
2330255798,"[3, 5]"
2330283114,[5]
2337021703,"[2, 5]"
2338273629,[5]
2340017514,"[5, 6]"
2341201541,[5]
2363027633,"[1, 5]"
2363891082,[5]
2369019894,"[5, 7]"
2370209034,[5]
2372027446,"[3, 5]"
2373161736,[5]
2377032098,"[5, 8]"
2378052659,[5]
2379025283,"[4, 5]"
2380120660,[5]
2387022145,"[2, 5]"
2388296294,[5]
2389020786,"[5, 6]"
2390224190,[5]
2405018165,"[1, 5]"
2405956312,[5]
2410020132,"[5, 7]"
2411045180,[5]
2414038091,"[3, 5]"
2415545025,[5]
2420019374,"[5, 8]"
2420019715,"[1, 5, 8]"
2421519383,"[5, 8]"
2421565512,[5]
2423034191,"[4, 5]"
2424190431,[5]
2425020520,"[5, 7]"
2425613869,[5]
2428022010,"[1, 5]"
2428030160,"[1, 3, 5]"
2428845616,"[1, 5]"
2430023353,"[1, 2, 5]"
2430091299,"[2, 5]"
2431087859,[5]
2432020342,"[5, 7]"
2433021157,"[5, 6, 7]"
2433670859,"[5, 6]"
2434018992,[5]
2437026874,"[3, 5]"
2438711894,[5]
2441322146,[]
2441344420,[5]
2447025361,"[1, 5]"
2449335889,[5]
2449356506,"[1, 5]"
2449478206,[5]
2452033936,"[5, 7]"
2452554416,[5]
2453020264,"[5, 7]"
2454514882,[5]
2456029339,"[3, 5]"
2458295966,[5]
2458330647,"[3, 5]"
2458539421,[5]
2462021185,"[5, 8]"
2463118288,[5]
2464021349,"[4, 5]"
2465218789,[5]
2471025143,"[2, 5]"
2472006843,[5]
2472030095,"[1, 5]"
2473525749,[5]
2474025332,"[5, 6]"
2476373561,[5]
2477027686,"[5, 8]"
2477044383,"[5, 7, 8]"
2477564104,"[5, 7]"
2478038641,"[1, 5, 7]"
2478307390,"[1, 5]"
2479035625,"[1, 4, 5]"
2479590627,"[1, 5]"
2480226856,[1]
2480253158,"[1, 5]"
2480485751,[5]
2481037245,"[3, 5]"
2482023500,"[3, 5, 7]"
2482599176,"[5, 7]"
2482640404,[5]
2486018068,"[5, 8]"
2486030907,"[1, 5, 8]"
2487020936,"[1, 2, 5, 8]"
2487023911,"[1, 2, 3, 5, 8]"
2487257532,"[1, 2, 3, 5]"
2487638084,"[1, 3, 5]"
2487667716,"[1, 5]"
2487679826,[5]
2488030913,"[4, 5]"
2488886300,[5]
2489018273,"[1, 5]"
2489026331,"[1, 5, 6]"
2489565029,"[1, 5]"
2491939593,[5]
2491959703,"[1, 5]"
2492031189,"[1, 5, 7]"
2492127905,"[5, 7]"
2492645899,[5]
2493020371,"[5, 7]"
2493842474,[5]
2493864692,"[5, 7]"
2493995809,[5]
2495020724,"[2, 5]"
2495970728,[5]
2496027834,"[3, 5]"
2496784327,[5]
2498019854,"[5, 6]"
2498031771,"[3, 5, 6]"
2499019714,"[1, 3, 5, 6]"
2499264317,"[1, 3, 5]"
2499512568,"[1, 5]"
2500437106,[5]
2502028169,"[5, 7]"
2502491585,[5]
2503017914,"[1, 5]"
2503032811,"[1, 5, 8]"
2503594748,"[1, 5]"
2504020891,"[1, 5, 8]"
2504668228,"[5, 8]"
2505582726,[5]
2506019208,"[3, 5]"
2506038547,"[3, 4, 5]"
2506554139,"[4, 5]"
2507642263,[5]
2507662772,"[4, 5]"
2507785301,[5]
2509019169,"[5, 7]"
2510279650,[5]
2513022045,"[2, 5]"
2513033944,"[2, 3, 5]"
2514410738,"[3, 5]"
2514433248,"[2, 3, 5]"
2514441609,"[2, 5]"
2514604308,[5]
2516021569,"[5, 6]"
2517662618,[5]
2517683946,"[5, 6]"
2517811361,[5]
2518005427,[]
2518028811,[5]
2529021365,"[5, 8]"
2530071859,"[4, 5, 8]"
2530159979,"[4, 5]"
2532069078,[5]
2535020010,"[5, 8]"
2535582075,[5]
2537098005,"[1, 5]"
2538017276,"[1, 4, 5]"
2538034905,"[1, 2, 4, 5]"
2538667982,"[1, 2, 5]"
2539120012,"[1, 5]"
2539819790,[5]
2541038114,"[5, 6]"
2542059618,"[5, 6, 7]"
2542219035,"[5, 7]"
2544022014,"[5, 7, 8]"
2544597578,"[5, 7]"
2545032230,"[2, 5, 7]"
2545467621,"[2, 5]"
2545505408,"[2, 5, 7]"
2545518618,"[5, 7]"
2545708240,[5]
2546020308,"[5, 8]"
2546030917,"[4, 5, 8]"
2546944603,"[5, 8]"
2547012944,[5]
2547039556,"[4, 5]"
2548026610,"[4, 5, 6]"
2548423591,"[5, 6]"
2548444253,"[4, 5, 6]"
2548570166,"[5, 6]"
2548610810,[5]
2553018982,"[2, 5]"
2553573745,[5]
2554019800,"[5, 8]"
2554529290,[5]
2555031862,"[2, 5]"
2555037218,"[1, 2, 5]"
2556030594,"[1, 2, 5, 6]"
2556032031,"[1, 2, 4, 5, 6]"
2556113065,"[2, 4, 5, 6]"
2556120637,"[4, 5, 6]"
2556519719,"[4, 6]"
2556543649,"[4, 5, 6]"
2556637751,"[4, 5]"
2556720503,[5]
2557016766,"[5, 6]"
2557590091,[5]
2558031350,"[5, 6]"
2558631383,[5]
2561018886,"[5, 8]"
2562030276,"[2, 5, 8]"
2562247127,"[2, 5]"
2562621462,[5]
2563020604,"[4, 5]"
2563037637,"[3, 4, 5]"
2564238735,"[3, 5]"
2566023825,"[3, 5, 6]"
2566089418,"[5, 6]"
2566136826,"[3, 5, 6]"
2566381424,"[5, 6]"
2566614832,[5]
2570020516,"[2, 5]"
2571259024,[5]
2573020884,"[5, 6]"
2574248070,[5]
2594032186,"[5, 8]"
2594553776,[5]
2595352683,[]
2595376509,[5]
2596031185,"[4, 5]"
2596675094,[5]
2603031605,"[2, 5]"
2603541030,[5]
2606020763,"[5, 6]"
2608226179,[5]
2608245917,"[5, 6]"
2608362946,[5]
2613017794,"[5, 8]"
2613028872,"[1, 5, 8]"
2614373167,"[5, 8]"
2614454440,[5]
2616018449,"[4, 5]"
2616937667,[5]
2619049113,"[5, 7]"
2620490022,[5]
2622033198,"[2, 5]"
2623003216,[5]
2623042805,"[3, 5]"
2624239231,[5]
2639835884,[]
2639860531,[5]
2647025958,"[1, 5]"
2648221509,[5]
2653049821,"[5, 7]"
2654518627,[5]
2656022639,"[3, 5]"
2657065570,[5]
2671026165,"[5, 8]"
2672021933,"[1, 5, 8]"
2673019769,"[1, 4, 5, 8]"
2673121334,"[4, 5, 8]"
2673150592,"[4, 5]"
2673929224,[5]
2678041405,"[5, 7]"
2679345522,[5]
2680021993,"[2, 5]"
2681018768,"[2, 3, 5]"
2681042287,"[3, 5]"
2682320435,[5]
2683020868,"[5, 6]"
2684039629,[5]
2691020757,"[1, 5]"
2692132115,[5]
2696048618,"[5, 7]"
2696568099,[5]
2698019029,"[1, 5]"
2699038452,"[1, 3, 5]"
2699086571,"[3, 5]"
2699842012,[5]
2702023356,"[5, 7]"
2702383426,[5]
2703002836,[]
2703024923,[8]
2703028256,"[5, 8]"
2704417894,[5]
2706025468,"[3, 5]"
2706048917,"[3, 4, 5]"
2706693676,"[4, 5]"
2707719094,[5]
2713019588,"[2, 5]"
2713982168,[5]
2714027112,"[1, 5]"
2715370031,[5]
2717043253,"[5, 6]"
2718653238,[5]
2719024427,"[5, 7]"
2720178369,[5]
2722022860,"[1, 5]"
2723018967,"[1, 3, 5]"
2723046873,"[3, 5]"
2724171904,[5]
2727029019,"[5, 7]"
2728258299,[5]
2729032829,"[5, 8]"
2730275109,[5]
2731020148,"[3, 5]"
2731025252,"[3, 4, 5]"
2732094372,"[3, 5]"
2732263144,[5]
2738019577,"[2, 5]"
2739113880,[5]
2740030142,"[5, 6]"
2741479593,[5]
2744022930,"[1, 5]"
2745674310,[5]
2748019213,"[5, 7]"
2748024994,"[5, 7, 8]"
2748360139,"[5, 7]"
2749263848,[5]
2750030434,"[4, 5]"
2750337828,[5]
2753020062,"[5, 8]"
2753039304,"[3, 5, 8]"
2753432681,"[3, 5]"
2754509247,[5]
2756022468,"[4, 5]"
2756032532,"[1, 4, 5]"
2756379666,"[1, 5]"
2757030945,"[1, 2, 5]"
2757163070,"[2, 5]"
2757391257,[5]
2758220720,[]
2758243882,[5]
2760028609,"[5, 7]"
2760034379,"[5, 6, 7]"
2760430598,"[5, 7]"
2760467809,[5]
2763030122,"[2, 5]"
2763412953,[5]
2764018715,"[3, 5]"
2765017311,"[1, 3, 5]"
2765117293,"[1, 5]"
2766030245,"[1, 5, 6]"
2766446178,"[1, 5]"
2766706030,[5]
2768029679,"[5, 7]"
2768567874,[5]
2771019257,"[5, 8]"
2772018698,"[1, 5, 8]"
2772028211,"[1, 3, 5, 8]"
2772176146,"[1, 3, 5]"
2772422482,"[1, 5]"
2773008345,[5]
2773020416,"[4, 5]"
2774199359,[5]
2777019541,"[5, 7]"
2778131660,[5]
2779019030,"[2, 5]"
2779026484,"[2, 5, 8]"
2779958875,"[2, 5]"
2780033369,"[2, 4, 5]"
2780253715,"[4, 5]"
2781018040,"[3, 4, 5]"
2781457078,"[3, 5]"
2781469072,[5]
2783020815,"[5, 6]"
2784175364,[5]
2788017320,"[2, 5]"
2788934961,[5]
2791030203,"[5, 6]"
2791074459,"[1, 5, 6]"
2792177097,"[1, 5]"
2793117855,[5]
2795058656,"[5, 7]"
2795761155,[5]
2802038991,"[5, 8]"
2803038665,[5]
2803067393,"[3, 5]"
2803809239,[5]
2804019980,"[4, 5]"
2805009655,[5]
2811019303,"[2, 5]"
2811982798,[5]
2812017132,"[5, 8]"
2812347991,[5]
2813099621,[]
2813122049,[5]
2814017271,"[4, 5]"
2814019475,"[4, 5, 6]"
2814336057,"[5, 6]"
2814982847,[5]
2819041337,"[1, 5]"
2820637073,[5]
2821017319,"[5, 8]"
2821335803,[5]
2822017081,"[4, 5]"
2822030712,"[2, 4, 5]"
2822348958,"[2, 5]"
2822518330,[5]
2824017674,"[5, 6]"
2824383350,[5]
2825028573,"[5, 7]"
2825507719,[5]
2829022292,"[2, 5]"
2829033334,"[2, 5, 8]"
2829039266,"[2, 3, 5, 8]"
2829398991,"[3, 5, 8]"
2829442249,"[3, 5]"
2829518256,[5]
2830048261,"[4, 5]"
2831065697,[5]
2833020901,"[5, 6]"
2833904668,[5]
2838018117,"[2, 5]"
2838962125,[5]
2841019570,"[5, 6]"
2841416429,[5]
2848019430,"[5, 8]"
2848931829,[5]
2850031292,"[4, 5]"
2850359166,[5]
2851575394,[]
2851614168,[5]
2857031171,"[2, 5]"
2857393425,[5]
2860021739,"[5, 6]"
2860339994,[5]
2877030761,"[5, 8]"
2877423103,[5]
2879029951,"[4, 5]"
2879372176,[5]
2887027148,"[2, 5]"
2887367984,[5]
2889830651,[]
2889853751,[5]
2890019546,"[5, 6]"
2890345794,[5]
2892038694,"[1, 5]"
2893368678,[5]
2897033265,"[5, 7]"
2898447556,[5]
2900041659,"[3, 5]"
2901421195,[5]
2914021454,"[1, 5]"
2915138240,[5]
2919025492,"[5, 7]"
2920192477,[5]
2923021308,"[3, 5]"
2923976377,[5]
2926067907,[]
2926105102,[5]
2938040123,"[1, 5]"
2939238656,[5]
2944024638,"[5, 7]"
2945209902,[5]
2948025098,"[3, 5]"
2949031615,"[3, 5, 8]"
2949033424,"[5, 8]"
2949961884,[5]
2951017608,"[4, 5]"
2952020179,[5]
2959031250,"[2, 5]"
2959994370,[5]
2962020112,"[5, 6]"
2963035615,[5]
2963915381,[]
2963939145,[5]
2964030504,"[1, 5]"
2965320298,[5]
2969042352,"[5, 7]"
2969733837,[5]
2970020423,"[5, 8]"
2971567822,[5]
2973018470,"[3, 5]"
2973020128,"[3, 4, 5]"
2973616654,"[4, 5]"
2974142273,[5]
2980030723,"[2, 5]"
2981003632,[5]
2983018756,"[5, 6]"
2984146558,[5]
2986021789,"[1, 5]"
2987369035,[5]
2992035840,"[5, 7]"
2993645723,[5]
2996025267,"[5, 8]"
2996030102,"[3, 5, 8]"
2996031375,"[1, 3, 5, 8]"
2996960117,"[3, 5, 8]"
2996965282,"[3, 5]"
2997506265,[5]
2998018440,"[4, 5]"
2998946076,[5]
3003029240,"[5, 7]"
3003406818,[7]
3003430956,"[5, 7]"
3004188349,[5]
3005018266,"[1, 5]"
3005021886,"[1, 2, 5]"
3005871720,"[2, 5]"
3006022077,"[2, 3, 5]"
3006916029,"[2, 5]"
3007036289,"[2, 5, 6]"
3008308815,"[2, 5]"
3011052852,"[2, 5, 7]"
3012489067,"[2, 5]"
3014021417,"[2, 3, 5]"
3014948864,"[2, 5]"
3020023928,"[2, 5, 8]"
3021332268,"[2, 5]"
3023017649,"[2, 4, 5]"
3025018555,"[1, 2, 4, 5]"
3026223788,"[2, 4, 5]"
3028364728,"[4, 5]"
3028389446,"[2, 4, 5]"
3028540267,"[4, 5]"
3030033941,"[2, 4, 5]"
3030034461,"[2, 4, 5, 7]"
3030703918,"[2, 4, 5]"
3030715565,"[4, 5]"
3033019696,"[4, 5, 6]"
3033920613,"[4, 5]"
3034023088,"[3, 4, 5]"
3034717832,"[4, 5]"
3039018978,"[1, 4, 5]"
3040296560,"[4, 5]"
3044019843,"[4, 5, 7]"
3044628588,"[4, 5]"
3045018967,"[4, 5, 8]"
3045482603,"[5, 8]"
3045515761,"[4, 5, 8]"
3045725967,"[5, 8]"
3046032804,"[4, 5, 8]"
3047020700,"[1, 4, 5, 8]"
3047276040,"[1, 5, 8]"
3048018036,"[1, 3, 5, 8]"
3048182901,"[3, 5, 8]"
3048612075,"[5, 8]"
3052037430,"[5, 7, 8]"
3052947104,"[5, 8]"
3054022256,"[2, 5, 8]"
3055052034,"[5, 8]"
3056016662,"[4, 5, 8]"
3056021917,"[3, 4, 5, 8]"
3056027963,"[1, 3, 4, 5, 8]"
3056655949,"[1, 4, 5, 8]"
3056969337,"[1, 5, 8]"
3057017653,"[1, 5, 6, 8]"
3060027403,"[1, 5, 6, 7, 8]"
3062028093,"[1, 2, 5, 6, 7, 8]"
3063325469,"[1, 5, 6, 7, 8]"
3064032919,"[1, 4, 5, 6, 7, 8]"
3065016701,"[1, 3, 4, 5, 6, 7, 8]"
3065126967,"[1, 3, 5, 6, 7, 8]"
3069501658,"[1, 3, 5, 6, 7]"
3069522511,"[1, 3, 5, 6, 7, 8]"
3071391630,"[1, 3, 5, 6, 7]"
3071410423,"[1, 3, 5, 6, 7, 8]"
3071513916,"[1, 3, 5, 6, 7]"
3072019943,"[1, 2, 3, 5, 6, 7]"
3072960117,"[1, 3, 5, 6, 7]"
3077446799,"[1, 3, 6, 7]"
3077471013,"[1, 3, 5, 6, 7]"
3079770425,"[3, 5, 6, 7]"
3079791447,"[1, 3, 5, 6, 7]"
3081294289,"[3, 5, 6, 7]"
3081338391,"[1, 3, 5, 6, 7]"
3081520786,"[3, 5, 6, 7]"
3082017561,"[3, 5, 6, 7, 8]"
3082864273,"[3, 5, 6, 7]"
3085018843,"[3, 4, 5, 6, 7]"
3085751742,"[3, 5, 6, 7]"
3089560069,"[5, 6, 7]"
3089578728,"[3, 5, 6, 7]"
3090923966,"[3, 5, 7]"
3090944565,"[3, 5, 6, 7]"
3090996893,"[5, 6, 7]"
3091016610,"[3, 5, 6, 7]"
3091124317,"[5, 6, 7]"
3092017844,"[2, 5, 6, 7]"
3092598398,"[5, 6, 7]"
3092747439,"[5, 7]"
3092767017,"[5, 6, 7]"
3092868526,"[5, 7]"
3095016127,"[5, 6, 7]"
3095649028,"[5, 7]"
3096017259,"[5, 7, 8]"
3096889125,"[5, 7]"
3098016521,"[4, 5, 7]"
3098681676,"[5, 7]"
3099023172,"[1, 5, 7]"
3101732448,"[5, 7]"
3101750925,"[1, 5, 7]"
3101854342,"[5, 7]"
3104017093,"[5, 7, 8]"
3104902509,"[5, 7]"
3105023360,"[2, 5, 7]"
3105677543,"[5, 7]"
3106028805,"[4, 5, 7]"
3106630522,"[5, 7]"
3107016820,"[5, 6, 7]"
3107734338,"[5, 7]"
3108594744,[5]
3108618720,"[5, 7]"
3109035405,"[3, 5, 7]"
3110650852,"[5, 7]"
3112030586,"[2, 5, 7]"
3112045287,"[2, 5, 7, 8]"
3112784719,"[5, 7, 8]"
3113666827,"[5, 7]"
3114029723,"[4, 5, 7]"
3114935882,"[5, 7]"
3116031221,"[5, 6, 7]"
3116136645,"[5, 6]"
3116156284,"[5, 6, 7]"
3116284538,"[5, 6]"
3116826536,[5]
3117022429,"[1, 5]"
3119231316,[5]
3119248374,"[1, 5]"
3119351035,[5]
3121019736,"[5, 7]"
3121916258,[5]
3121935212,"[5, 7]"
3122019320,"[2, 5, 7]"
3122072326,"[2, 5]"
3122668293,[5]
3125021779,"[5, 6]"
3125693847,[5]
3126034064,"[3, 5]"
3127106184,[5]
3127124901,"[3, 5]"
3127230443,[5]
3130040645,"[5, 8]"
3131213004,[5]
3132029705,"[4, 5]"
3132934253,[5]
3139017779,"[2, 5]"
3140006716,[5]
3142015905,"[5, 6]"
3143113992,[5]
3157021911,"[5, 8]"
3158550944,[5]
3158570090,"[5, 8]"
3158682556,[5]
3159017895,"[4, 5]"
3160558804,[5]
3160576078,"[4, 5]"
3160677075,[5]
3166019639,"[2, 5]"
3167622940,[5]
3167641566,"[2, 5]"
3167751363,[5]
3169036230,"[5, 6]"
3171043391,[5]
3171061361,"[5, 6]"
3171176965,[5]
3174022152,"[5, 8]"
3174927494,[5]
3174945728,"[5, 8]"
3175064820,[5]
3176017047,"[4, 5]"
3176382902,[5]
3176408407,"[4, 5]"
3177009780,[5]
3183025907,"[2, 5]"
3183996808,[5]
3184014864,"[2, 5]"
3184120205,[5]
3187016104,"[5, 6]"
3187906349,[5]
3197021675,"[1, 5]"
3198297614,[5]
3203034403,"[5, 7]"
3204155416,[5]
3206025998,"[3, 5]"
3207111280,[5]
3222016406,"[1, 5]"
3223165868,[5]
3227028421,"[5, 7]"
3228334886,[5]
3231017130,"[3, 5]"
3231912181,[5]
3247017277,"[1, 5]"
3248808898,[5]
3248825117,"[1, 5]"
3248916562,[5]
3252018036,"[5, 7]"
3253023302,"[5, 7, 8]"
3253739076,"[5, 8]"
3253756042,"[5, 7, 8]"
3253860092,"[5, 8]"
3254322323,[5]
3256019662,"[3, 5]"
3256035205,"[3, 4, 5]"
3256644602,"[4, 5]"
3256660994,"[3, 4, 5]"
3257461655,"[4, 5]"
3257733073,[5]
3263043519,"[2, 5]"
3264118021,[5]
3267018340,"[5, 6]"
3268299975,[5]
3272017872,"[1, 5]"
3272988078,[5]
3275025535,"[1, 5]"
3276005863,[5]
3277015952,"[5, 7]"
3278300471,[5]
3279030603,"[5, 8]"
3280029559,"[5, 7, 8]"
3280184900,"[5, 7]"
3281019469,"[3, 5, 7]"
3281029803,"[3, 4, 5, 7]"
3281249425,"[3, 4, 5]"
3281901603,"[3, 5]"
3281965909,[5]
3283017733,"[3, 5]"
3284167251,[5]
3289019561,"[2, 5]"
3289892623,[2]
3289916302,"[2, 5]"
3290155247,[5]
3291017370,"[5, 6]"
3292212165,[5]
3303028939,"[5, 8]"
3303898666,[5]
3305022055,"[5, 8]"
3306028137,"[4, 5, 8]"
3306028843,"[1, 4, 5, 8]"
3306113637,"[1, 4, 5]"
3307067540,"[4, 5]"
3308270527,[5]
3308289979,"[4, 5]"
3308400505,[5]
3310021737,"[5, 7]"
3310605106,[5]
3313019326,"[2, 5]"
3314838650,[5]
3314861045,"[2, 5]"
3314969857,[5]
3315020255,"[3, 5]"
3315784119,[5]
3317053373,"[5, 6]"
3319519062,[5]
3322017821,"[1, 5]"
3322853163,[5]
3327028375,"[5, 7]"
3327621385,[5]
3329034542,"[5, 8]"
3330071735,[5]
3331016778,"[3, 5]"
3331042693,"[3, 4, 5]"
3331628268,"[4, 5]"
3332330862,[5]
3333025321,"[5, 8]"
3333905177,[5]
3334030384,"[4, 5]"
3334988546,[5]
3339017284,"[2, 5]"
3339998211,[5]
3341035536,"[5, 6]"
3342028362,"[2, 5, 6]"
3342214252,"[2, 5]"
3342934509,[5]
3345018307,"[5, 6]"
3346212642,[5]
3363031999,"[5, 8]"
3363620450,[5]
3364032780,"[1, 5]"
3364884039,[5]
3365032897,"[4, 5]"
3365720964,[5]
3366586512,[]
3366613247,[5]
3369016624,"[5, 7]"
3369553118,[5]
3372030407,"[2, 5]"
3372607801,[5]
3373028090,"[3, 5]"
3373563388,[5]
3374030910,"[5, 6]"
3374973787,[5]
3379020625,"[5, 8]"
3379606921,[5]
3380030926,"[4, 5]"
3380895118,[5]
3388016802,"[2, 5]"
3388595656,[5]
3392023434,"[5, 6]"
3392924734,[5]
3419021926,"[1, 5]"
3420405393,[5]
3421019594,"[5, 8]"
3421600171,[5]
3423018138,"[4, 5]"
3423696272,[5]
3425024238,"[5, 7]"
3426293055,[5]
3429017975,"[2, 5]"
3429031321,"[2, 3, 5]"
3429804286,"[3, 5]"
3430115432,[5]
3433024365,"[5, 6]"
3433791928,[5]
3438402222,[]
3438428798,[5]
3464031921,"[1, 5]"
3465064850,[5]
3469031284,"[5, 7]"
3470235716,[5]
3472014990,"[1, 5]"
3473028497,[5]
3473041519,"[3, 5]"
3474097826,[5]
3477023665,"[5, 7]"
3478024029,"[5, 7, 8]"
3478169570,"[5, 8]"
3479029187,"[4, 5, 8]"
3479125836,"[4, 5]"
3480012160,"[1, 4, 5]"
3480228517,"[1, 5]"
3481017442,"[1, 3, 5]"
3481019814,"[3, 5]"
3482011555,[5]
3484013891,"[1, 5]"
3484898626,[5]
3486016185,"[5, 7]"
3487016394,"[2, 5, 7]"
3487090372,"[2, 5]"
3488008931,[5]
3489034276,"[5, 7]"
3489573959,[5]
3490019889,"[5, 6]"
3490020592,"[3, 5, 6]"
3491444448,"[3, 5]"
3494432047,[5]
3494451094,"[3, 5]"
3494549094,[5]
3510190868,[]
3510215671,[5]
3513013452,"[1, 5]"
3513404770,[5]
3516018077,"[1, 5]"
3516139835,[5]
3519044277,"[5, 7]"
3519519138,[5]
3520027875,"[5, 8]"
3521016231,"[5, 7, 8]"
3521201242,"[5, 8]"
3521289830,[5]
3523032266,"[4, 5]"
3523033101,"[3, 4, 5]"
3523647647,"[4, 5]"
3524100531,[5]
3525024910,"[3, 5]"
3525229039,[5]
3529018587,"[5, 8]"
3530029006,"[2, 5, 8]"
3530122300,"[2, 5]"
3530970854,[5]
3531029960,"[4, 5]"
3531923856,[5]
3533028658,"[5, 6]"
3534253388,[5]
3535018084,"[1, 5]"
3537231555,[5]
3537253876,"[1, 5]"
3537376997,[5]
3538016560,"[5, 8]"
3538017425,"[2, 5, 8]"
3538936335,"[2, 5]"
3539019170,"[2, 5, 7]"
3539019400,"[1, 2, 5, 7]"
3539031761,"[1, 5, 7]"
3540015763,"[1, 4, 5, 7]"
3540987036,"[1, 5, 7]"
3541016679,"[1, 5, 7, 8]"
3541048322,"[1, 5, 6, 7, 8]"
3541081523,"[5, 6, 7, 8]"
3541348420,"[5, 6, 8]"
3541367110,"[5, 6, 7, 8]"
3541469098,"[5, 6, 8]"
3541582802,"[5, 6]"
3542133301,[5]
3543020500,"[4, 5]"
3543644766,[5]
3544030078,"[5, 7]"
3545015827,"[1, 5, 7]"
3545025169,"[1, 3, 5, 7]"
3545180225,"[1, 3, 5]"
3546016707,"[1, 2, 3, 5]"
3546058651,"[2, 3, 5]"
3547004910,"[2, 5]"
3547185602,[5]
3548016635,"[3, 5]"
3550016618,"[2, 3, 5]"
3550019930,"[2, 3, 5, 6]"
3550881424,"[3, 5, 6]"
3551112656,"[3, 5]"
3552019787,"[3, 5, 7]"
3552576776,"[3, 5]"
3554015997,"[3, 5, 6]"
3554830838,"[3, 5]"
3555017492,"[1, 3, 5]"
3556020502,"[3, 5]"
3560016357,"[3, 5, 7]"
3560556090,"[3, 5]"
3570026298,"[3, 5, 8]"
3570477206,"[3, 5]"
3573016525,"[3, 5, 8]"
3573021121,"[3, 4, 5, 8]"
3573168320,"[3, 4, 5]"
3573681591,"[3, 5]"
3575016147,"[3, 4, 5]"
3575166549,"[3, 5]"
3579042571,[5]
3579064386,"[3, 5]"
3580028314,"[2, 3, 5]"
3580388707,"[3, 5]"
3580480595,[5]
3580499173,"[3, 5]"
3580591016,[5]
3583021833,"[5, 6]"
3583029236,"[2, 5, 6]"
3583189285,"[5, 6]"
3583550031,[5]
3585020755,"[5, 6]"
3585327351,[5]
3587005601,[]
3587029723,[5]
3588031380,"[1, 5]"
3588863682,[5]
3588875682,"[1, 5]"
3588942085,[5]
3591029703,"[1, 5]"
3591221976,[5]
3591242495,"[1, 5]"
3591345047,[5]
3594042184,"[5, 7]"
3594845701,[5]
3594863102,"[5, 7]"
3594969661,[5]
3595024960,"[4, 5]"
3597012647,"[4, 5, 7]"
3597015752,"[4, 5, 7]"
3597138068,"[4, 5]"
3597141973,"[4, 5]"
3598020188,"[3, 4, 5]"
3598426457,"[3, 5]"
3598456472,"[3, 4, 5]"
3598579789,"[3, 5]"
3599172055,[5]
3599191501,"[3, 5]"
3599281735,[5]
3600023566,"[3, 5]"
3600204474,[5]
3600221702,"[3, 5]"
3600362257,[5]
3602016323,"[2, 5]"
3604019815,"[2, 5, 6]"
3604244673,"[5, 6]"
3604261461,"[2, 5, 6]"
3604362452,"[5, 6]"
3605015865,"[4, 5, 6]"
3605029062,"[2, 4, 5, 6]"
3605588616,"[2, 5, 6]"
3605966012,"[2, 5]"
3606014886,[5]
3608023180,"[5, 6]"
3609485317,[5]
3613028643,"[2, 5]"
3613547813,[5]
3615025274,"[4, 5]"
3615595235,[5]
3616018455,"[5, 6]"
3616805940,[5]
3622014355,"[1, 5]"
3622015332,"[1, 2, 5]"
3622455425,"[2, 5]"
3622534889,[5]
3625014970,"[1, 5]"
3625018094,"[1, 5, 6]"
3625159330,"[5, 6]"
3625706060,[5]
3628032287,"[5, 7]"
3628547075,[5]
3630013062,"[5, 7]"
3630132498,[5]
3632050860,"[3, 5]"
3632662096,[5]
3634015859,"[3, 5]"
3634146582,[5]
3648032967,"[4, 5]"
3649365071,[5]
3649383273,"[4, 5]"
3649551072,[5]
3650024112,"[4, 5]"
3650033384,"[4, 5]"
3650174102,[5]
3655016803,"[2, 5]"
3655726097,[5]
3655743157,"[2, 5]"
3655853353,[5]
3657024701,"[5, 6]"
3657577099,[5]
3658017064,"[5, 6]"
3658017158,"[2, 5, 6]"
3658182683,"[5, 6]"
3658199945,"[2, 5, 6]"
3658309365,"[5, 6]"
3658531772,[5]
3659106821,[]
3659147204,[5]
3660029268,"[5, 6]"
3660244299,[5]
3661023077,"[5, 6]"
3661294968,[5]
3683015710,"[1, 5]"
3684006496,[5]
3688017427,"[2, 5]"
3688028923,"[2, 5, 7]"
3688436031,"[5, 7]"
3689699744,[5]
3691017696,"[2, 5]"
3691038729,"[2, 3, 5]"
3691146820,"[3, 5]"
3692286248,[5]
3722061815,[]
3722086524,[5]
3728014659,"[1, 5]"
3734017450,"[1, 5, 7]"
3738022285,"[1, 3, 5, 7]"
3752718322,"[1, 3, 5]"
3754555927,"[1, 5]"
3759019030,"[1, 5, 7]"
3759515591,"[1, 5]"
3761369361,[5]
3761382439,"[1, 5]"
3761458559,[5]
3762018812,"[5, 7]"
3762023927,"[3, 5, 7]"
3762188323,"[3, 5]"
3762806521,[5]
3764017484,"[3, 5]"
3764145221,[5]
3789965940,"[5, 8]"
3794199934,[8]
3794226097,"[5, 8]"
3801889703,[5]
3801908467,"[5, 8]"
3802004066,[5]
3808026122,"[1, 5]"
3808638056,[5]
3809022419,"[1, 5]"
3810047841,[5]
3811012021,"[1, 5]"
3811015997,"[1, 5, 8]"
3811138261,"[5, 8]"
3811358606,[5]
3814015963,"[5, 8]"
3814036735,"[5, 7, 8]"
3814135355,"[5, 7]"
3815806731,[5]
3815824331,"[5, 7]"
3815924285,[5]
3817041734,"[5, 7]"
3817205114,[5]
3822021254,"[5, 7]"
3823164952,[5]
3833039125,"[5, 7]"
3833670096,[5]
3834012427,"[5, 7]"
3834120134,[5]
3844023645,"[5, 7]"
3844725934,[5]
3853541018,[]
3853564421,[5]
3867023943,"[5, 8]"
3868291266,[5]
3869017200,"[5, 8]"
3869040152,"[5, 7, 8]"
3869181437,"[5, 7]"
3869562396,[5]
3871018807,"[5, 7]"
3871128414,[5]
3872337347,"[5, 6]"
3875019739,"[5, 6, 8]"
3876029038,"[5, 6]"
3881464834,[5]
3881483197,"[5, 6]"
3881606762,[5]
3885025119,"[5, 8]"
3885693919,[5]
3886018882,"[5, 8]"
3886151473,[5]
3887015421,"[5, 6]"
3887819943,[5]
3888473222,[5]
3888491294,"[4, 5]"
3888592071,[5]
3898015466,"[4, 5]"
3898036998,"[4, 5, 6]"
3898719144,"[5, 6]"
3898744180,[5]
3899021494,"[5, 6]"
3899266080,[5]
3901184760,"[5, 8]"
3902169845,[5]
3909027085,"[5, 6]"
3909620541,[5]
3910326223,"[2, 5]"
3919917524,[5]
3919936345,"[2, 5]"
3920032317,[5]
3921020132,"[5, 8]"
3921437076,[5]
3923028812,"[4, 5]"
3923495956,[4]
3923517393,"[4, 5]"
3923540739,[5]
3924025721,"[5, 8]"
3924152093,[5]
3926015877,"[4, 5]"
3926137936,[5]
3927025791,"[5, 8]"
3927733624,[5]
3928022459,"[5, 8]"
3928294164,[5]
3929023197,"[4, 5]"
3929841677,[5]
3929856230,"[4, 5]"
3929941070,[5]
3931031566,"[2, 5]"
3931397725,[5]
3933018624,"[2, 5]"
3933170240,[5]
3934018334,"[5, 6]"
3934493724,[5]
3936018252,"[5, 6]"
3936029572,"[2, 5, 6]"
3936144392,"[2, 5]"
3936606813,[5]
3937023033,"[2, 5]"
3937181142,[5]
3938028936,"[5, 6]"
3938774673,[5]
3940019667,"[5, 6]"
3940146502,[5]
3952029406,"[5, 8]"
3952586341,[5]
3954015975,"[4, 5]"
3954016330,"[4, 5, 8]"
3954156047,"[4, 5]"
3954610421,[5]
3955015067,"[4, 5]"
3955173358,[5]
3961018035,"[2, 5]"
3962019466,[5]
3962020966,"[2, 5]"
3962232014,[5]
3964020596,"[5, 6]"
3964803629,[5]
3966018388,"[5, 6]"
3966211274,[5]
3977017474,"[5, 8]"
3977622554,[5]
3978016374,"[5, 8]"
3978023828,"[4, 5, 8]"
3978168529,"[4, 5]"
3978891625,[5]
3978925447,"[4, 5]"
3985320847,[5]
3986017218,"[2, 5]"
3986693691,[5]
3987015463,"[2, 5]"
3987137025,[5]
3989026266,"[5, 6]"
3989679903,[5]
3991013563,"[5, 6]"
3991109137,[5]
3991424195,[]
3991445155,[5]
4010434199,"[3, 5]"
4016420145,[5]
4016437262,"[3, 5]"
4016521316,[5]
4068060783,[]
4068082439,[5]
4077110239,"[1, 5]"
4096023955,"[1, 3, 5]"
4097144513,"[1, 5]"
4114556805,[5]
4114596210,"[1, 5]"
4116022363,"[1, 3, 5]"
4116727501,"[1, 5]"
4117013187,"[1, 3, 5]"
4117112077,"[1, 5]"
4119039753,[5]
4119052750,"[1, 5]"
4119136174,[5]
4138525295,"[5, 7]"
4144016358,"[5, 7, 8]"
4146013526,"[4, 5, 7, 8]"
4146967695,"[4, 7, 8]"
4147014174,"[4, 5, 7, 8]"
4153028405,"[2, 4, 5, 7, 8]"
4157012642,"[2, 4, 5, 6, 7, 8]"
4158963633,"[2, 4, 5, 6, 7]"
4158977239,"[2, 4, 5, 6, 7, 8]"
4159048845,"[2, 4, 5, 6, 7]"
4159986220,"[2, 5, 6, 7]"
4159999117,"[2, 4, 5, 6, 7]"
4160093887,"[2, 5, 6, 7]"
4164209909,"[2, 5, 7]"
4164225725,"[2, 5, 6, 7]"
4164303427,"[2, 5, 7]"
4165012548,"[2, 5, 7, 8]"
4165536930,"[2, 5, 7]"
4167011841,"[2, 4, 5, 7]"
4167013070,"[2, 4, 5, 7, 8]"
4167105839,"[2, 4, 5, 7]"
4167662717,"[2, 5, 7]"
4167793328,"[5, 7]"
4167808298,"[2, 5, 7]"
4167936298,"[5, 7]"
4168009428,"[4, 5, 7]"
4168125328,"[5, 7]"
4175027285,"[2, 5, 7]"
4175575607,"[5, 7]"
4176018569,"[2, 5, 7]"
4176152049,"[5, 7]"
4178012667,"[5, 6, 7]"
4178769666,"[5, 7]"
4179012609,"[5, 6, 7]"
4179116665,"[5, 7]"
4181011772,[5]
4181028789,"[5, 7]"
4183454014,[5]
4183469166,"[5, 7]"
4183533715,[5]
4218546478,[]
4218567327,[5]
4224021960,"[1, 5]"
4224795199,[5]
4225016467,"[1, 5]"
4225151777,[5]
4231025232,"[5, 7]"
4231728479,[5]
4232015714,"[5, 7]"
4232150347,[5]
4235039401,"[3, 5]"
4260373342,[5]
4260389397,"[3, 5]"
4260483331,[5]
4260504211,"[3, 5]"
4260568511,[5]
4276357166,[]
4276375674,[5]
4283012596,"[5, 8]"
4283591018,[5]
4284028924,"[4, 5]"
4284032958,"[4, 5, 8]"
4284126368,"[4, 5]"
4284796036,[5]
4284807867,"[4, 5]"
4284870745,[5]
4289022708,"[1, 5]"
4289732437,[5]
4290013295,"[1, 5]"
4290128158,[5]
4292014547,"[2, 5]"
4292625162,[5]
4293012564,"[2, 5]"
4293016896,"[2, 5, 7]"
4293126923,"[5, 7]"
4293702764,[5]
4295012453,"[5, 7]"
4295026708,"[5, 6, 7]"
4295106137,"[5, 6]"
4295629334,[5]
4296025861,"[5, 6]"
4296142201,[5]
4298029158,"[3, 5]"
4298803482,[5]
4298816487,"[3, 5]"
4298892640,[5]
4346012321,"[5, 8]"
4346508575,[5]
4348015531,"[4, 5]"
4348016015,"[4, 5, 8]"
4348204639,"[4, 5]"
4348621246,[5]
4349012664,"[4, 5]"
4349106759,[5]
4355024913,"[2, 5]"
4355538927,[5]
4357012637,"[2, 5]"
4357119672,[5]
4359012673,"[5, 6]"
4359684446,[5]
4360011947,"[5, 6]"
4360130153,[5]
4373024504,"[1, 5]"
4373708795,[5]
4376015734,"[1, 5]"
4376186955,[5]
4379026271,"[5, 7]"
4379766715,[5]
4382040075,"[5, 7]"
4382190616,[5]
4383026222,"[3, 5]"
4383641341,[5]
4384014024,"[1, 5]"
4384835757,[5]
4385014129,"[3, 5]"
4385134434,[5]
4389023758,"[5, 7]"
4389537796,[5]
4393013182,"[3, 5]"
4393539178,[5]
4431024758,"[5, 8]"
4431566539,[5]
4433012256,"[4, 5]"
4433611744,[5]
4434012880,"[5, 8]"
4434155729,[5]
4435015668,"[4, 5]"
4435145917,[5]
4440012687,"[2, 5]"
4440530261,[5]
4441015677,"[5, 8]"
4441378149,[5]
4443011522,"[4, 5]"
4443011555,"[4, 5, 6]"
4443012425,"[2, 4, 5, 6]"
4443137079,"[4, 5, 6]"
4443424498,"[5, 6]"
4443704700,[5]
4445011579,"[5, 6]"
4445104796,[5]
4450012173,"[2, 5]"
4450456560,[5]
4454011887,"[5, 6]"
4454707189,[5]
4465780967,[]
4465801928,[5]
4483130777,[]
4483150379,[5]
4512064019,[]
4512089599,[5]
4542270200,[]
4542289783,[5]
4646749696,[]
4646767920,[5]
4695185495,[]
4695203603,[5]
4725228584,[]
4725247897,[5]
4799888846,[]
4799908209,[5]
4879743489,[]
4879781851,[5]
4887037655,"[1, 5]"
4887448977,[5]
4888020272,"[1, 5]"
4892042039,"[1, 5, 7]"
4892397545,"[1, 5]"
4893024766,"[1, 5, 7]"
4896048965,"[1, 3, 5, 7]"
4896956161,"[1, 5, 7]"
4897009800,"[1, 3, 5, 7]"
4905285543,"[1, 3, 7]"
4905304745,"[1, 3, 5, 7]"
4938690712,"[1, 3, 7]"
4938709366,"[1, 3, 5, 7]"
4944015523,"[1, 3, 5, 7, 8]"
4944333245,"[1, 3, 5, 7]"
4946013166,"[1, 3, 5, 7, 8]"
4946028235,"[1, 3, 4, 5, 7, 8]"
4946344238,"[1, 3, 5, 7, 8]"
4947017189,"[1, 3, 4, 5, 7, 8]"
4948023433,"[3, 4, 5, 7, 8]"
4948083521,"[1, 3, 4, 5, 7, 8]"
4948367104,"[3, 4, 5, 7, 8]"
4953018380,"[2, 3, 4, 5, 7, 8]"
4953250324,"[3, 4, 5, 7, 8]"
4953678992,"[3, 4, 5, 8]"
4953694646,"[3, 4, 5, 7, 8]"
4953877907,"[3, 4, 5, 8]"
4955012308,"[2, 3, 4, 5, 8]"
4955638994,"[2, 3, 4, 8]"
4955657781,"[2, 3, 4, 5, 8]"
4957018261,"[2, 3, 4, 5, 6, 8]"
4957209341,"[2, 4, 5, 6, 8]"
4957226926,"[2, 3, 4, 5, 6, 8]"
4957347310,"[2, 3, 4, 5, 8]"
4957397404,"[2, 4, 5, 8]"
4958012275,"[2, 4, 5, 6, 8]"
4976388029,"[2, 4, 5, 6]"
4976401641,"[2, 4, 5, 6, 8]"
4976546634,"[2, 4, 5, 6]"
4977084428,"[2, 5, 6]"
4977106881,"[2, 4, 5, 6]"
4977378260,"[2, 5, 6]"
4980418297,"[2, 5]"
4980431242,"[2, 5, 6]"
4980580444,"[2, 5]"
4980874341,[2]
4980893279,"[2, 5]"
4985247867,[5]
4985260510,"[2, 5]"
4985431785,[5]
5044192830,[]
5044213787,[5]
5061275140,[]
5061294741,[5]
5061495409,[]
