workerId,nanoTime,eventType
2,977943,call
7,999325,call
2,1498793,return
7,1535193,return
4,1686820,call
8,1689049,call
5,1749153,call
6,1812755,call
1,1891939,call
8,2009757,return
3,2065201,call
5,2126899,return
4,2181726,return
6,2275994,return
3,2644980,return
1,2687014,return
1,213055653,call
5,304053622,call
5,322054193,return
5,354051336,call
1,371899314,return
1,371928915,call
1,372122615,return
1,373041013,call
1,375936831,return
1,386038963,call
7,389052301,call
1,394946326,return
3,397059510,call
7,406039930,return
3,420489126,return
1,436054572,call
5,437664313,return
5,437693043,call
5,437858772,return
7,438045274,call
8,439057703,call
1,439322017,return
5,443034931,call
3,444054088,call
5,444590813,return
1,446038783,call
4,448032932,call
2,451037691,call
6,451045109,call
1,453793609,return
1,453821722,call
1,453980586,return
8,457228633,return
4,464928218,return
7,469455342,return
7,469484605,call
7,469651188,return
6,470472554,return
1,471051415,call
2,471409930,return
7,473033945,call
1,473258908,return
1,479044490,call
3,480458270,return
3,480487130,call
3,480643769,return
3,482023944,call
8,491034330,call
5,492045646,call
5,492604940,return
4,497032615,call
6,501038916,call
2,503049450,call
5,516044730,call
5,518941187,return
3,520278697,return
3,520307628,call
3,520470078,return
3,520505391,call
8,521584208,return
8,521614602,call
8,521776302,return
3,525466742,return
4,526842341,return
4,526872912,call
4,527032336,return
8,527041360,call
5,532026486,call
3,532055918,call
4,533038040,call
2,533110086,return
2,533139120,call
2,533299879,return
3,534016875,return
2,534025033,call
3,534057903,call
3,534307037,return
6,535023558,call
6,535260003,return
6,535289587,call
6,535447044,return
7,542887339,return
7,542915720,call
7,543073844,return
5,550997170,return
5,551025324,call
5,551197025,return
1,554164964,return
1,554192821,call
1,554350697,return
5,569038493,call
1,571037498,call
1,574040533,return
7,574046683,call
8,574110243,return
8,574138716,call
8,574319020,return
7,575355617,return
5,577211012,return
8,579035461,call
3,580039484,call
8,580265158,return
3,580574572,return
6,592671998,return
6,592718927,call
6,592912221,return
7,600027887,call
7,600625565,return
1,603045129,call
4,605146177,return
4,605197892,call
4,605487681,return
1,606026940,return
3,612037930,call
1,612044013,call
3,612807338,return
1,614210372,return
1,614237683,call
1,614399399,return
5,617023410,call
7,617036891,call
5,618688065,return
3,620042127,call
7,620738787,return
7,620780360,call
7,621048188,return
3,624107824,return
3,624138003,call
3,624298988,return
8,627032302,call
8,627593167,return
2,629000207,return
2,629027998,call
2,629182024,return
4,630031820,call
4,631004047,return
2,637046585,call
2,638779315,return
6,640051812,call
6,640751801,return
1,647040695,call
1,647988504,return
7,652032914,call
8,653022466,call
7,653089118,return
8,653509384,return
3,656032256,call
3,657126779,return
5,660029553,call
5,660974320,return
4,662021366,call
2,662023274,call
2,663371202,return
4,663550444,return
6,665044933,call
6,665743087,return
5,669031041,call
5,670006501,return
8,670026068,call
4,671034710,call
4,675014126,return
4,675059487,call
4,675309761,return
8,675550903,return
5,677021424,call
5,677786680,return
2,679025870,call
6,681045834,call
2,681508741,return
2,681534150,call
2,681721435,return
6,684808193,return
6,684833692,call
6,685016678,return
5,685031214,call
5,685591927,return
1,694041820,call
1,695857272,return
7,700039031,call
7,701741036,return
8,703034520,call
3,704031621,call
3,705797241,return
4,706028710,call
4,706945922,return
5,708042455,call
5,709409140,return
5,709433856,call
5,709597725,return
8,710572000,return
2,713026052,call
2,714005252,return
6,716026182,call
5,717022630,call
6,717115679,return
5,717585362,return
5,718033679,call
5,718423656,return
5,726032347,call
5,726442893,return
5,733023324,call
5,733561138,return
1,738025507,call
1,738744030,return
7,743025031,call
7,743956333,return
3,747024626,call
3,747976557,return
1,748031886,call
1,748829753,return
7,753021627,call
8,753028784,call
7,753815866,return
8,754837122,return
4,755029737,call
1,755030099,call
1,755783655,return
4,756565121,return
3,757022372,call
3,757896292,return
5,758037149,call
5,758494929,return
7,760023273,call
7,760839612,return
2,762027699,call
2,763767797,return
3,764025394,call
3,764809631,return
6,765027847,call
1,766037199,call
6,766864725,return
7,768021492,call
1,768424677,return
7,768598190,return
3,772033931,call
3,772534471,return
5,782024823,call
5,782530690,return
1,787033168,call
1,787898252,return
1,791022914,call
7,791025801,call
7,792039748,return
7,793021526,call
7,793494399,return
1,793727717,return
8,795030709,call
1,796021834,call
3,796024688,call
8,796171339,return
3,797911446,return
3,797957776,call
4,798039168,call
3,798275260,return
1,798465749,return
4,798929440,return
1,799021705,call
5,799036443,call
7,800027923,call
7,800610125,return
5,801472357,return
5,801498576,call
1,801528085,return
5,801674380,return
7,802024440,call
7,802628637,return
3,803039519,call
3,803980660,return
8,805024248,call
2,805033621,call
2,805896179,return
3,806025360,call
6,806029548,call
8,806135155,return
3,806497249,return
6,806960324,return
4,808022761,call
1,808022878,call
4,808840330,return
7,810024516,call
7,810478405,return
8,812026582,call
4,813024268,call
2,813028479,call
8,813172928,return
1,813622931,return
1,813648504,call
1,813801457,return
2,814008659,return
3,814021063,call
4,814280419,return
3,814465114,return
6,816030239,call
7,817023178,call
6,817160774,return
7,817624187,return
8,819028084,call
8,819685534,return
3,820022418,call
3,820572905,return
2,822053234,call
4,823034360,call
2,823128067,return
4,823684765,return
6,824033113,call
6,825522068,return
2,829024005,call
2,829686554,return
6,832033570,call
6,832678088,return
5,835026846,call
5,836140554,return
1,837030213,call
1,839717317,return
7,841024016,call
7,841577594,return
8,844028169,call
8,845493357,return
8,845518657,call
8,845716819,return
3,846024507,call
4,846036426,call
3,846509999,return
4,847089157,return
4,848033462,call
4,848507771,return
8,852033315,call
8,852566233,return
2,853028400,call
8,854023831,call
4,854024594,call
2,854334424,return
2,854360956,call
2,854523205,return
4,854575099,return
8,854655113,return
4,856023092,call
6,856037660,call
4,856637862,return
6,857599805,return
6,857625895,call
6,857789184,return
2,862025271,call
8,862026354,call
1,862034619,call
8,862599706,return
2,862906508,return
2,862932796,call
4,863037505,call
2,863110205,return
4,863801668,return
6,864023559,call
6,864779855,return
1,864804865,return
7,866024107,call
6,866036852,call
7,866514302,return
6,866873041,return
8,869035592,call
8,869545089,return
3,871022795,call
2,871025344,call
4,871026231,call
3,871507893,return
2,871526810,return
4,871608483,return
6,874031523,call
6,874570646,return
2,878023943,call
1,878044720,call
2,878527793,return
1,880225201,return
6,881023768,call
6,881493931,return
7,883024044,call
5,884028804,call
7,885025902,return
5,885097397,return
3,887045069,call
3,889212138,return
3,889250301,call
3,889423111,return
8,894035053,call
8,894580414,return
4,896023182,call
4,896590015,return
2,903039663,call
2,903616688,return
6,906034231,call
6,906773915,return
1,913029464,call
1,914040056,return
7,918037813,call
8,919022828,call
7,919210600,return
8,919542389,return
4,921028098,call
4,921516780,return
3,922023924,call
3,922906665,return
2,928035912,call
2,928531642,return
6,931047625,call
6,931748133,return
8,936023505,call
8,937928002,return
4,938032304,call
4,939849198,return
4,939873257,call
4,940030101,return
2,945026262,call
2,946990356,return
6,948035133,call
6,950183462,return
6,950208295,call
6,950359799,return
5,952022040,call
5,952947714,return
5,960023180,call
1,961025342,call
5,961068341,return
1,962243934,return
7,967045147,call
5,968021305,call
7,968239623,return
8,969022601,call
8,970295382,return
5,970331863,return
3,971023756,call
4,972029620,call
3,972038441,return
4,972881335,return
5,977023043,call
5,977677560,return
2,979025715,call
6,983026908,call
6,984267276,return
5,992022908,call
5,992925677,return
5,1001022241,call
2,1010510547,return
2,1010537405,call
2,1010701806,return
8,1019034971,call
4,1022023852,call
2,1029043312,call
1,1030024860,call
2,1030220995,return
6,1032028710,call
5,1032648913,return
5,1032675463,call
7,1035026523,call
5,1035204336,return
5,1035229521,call
5,1035376793,return
3,1039023926,call
5,1042022506,call
5,1042787021,return
8,1043128390,return
8,1043152739,call
8,1043314455,return
4,1053130648,return
4,1053156562,call
4,1053348449,return
7,1057225141,return
7,1057264954,call
1,1059360076,return
1,1059390322,call
7,1061048398,return
7,1061074806,call
7,1061266577,return
1,1064936901,return
1,1064961572,call
1,1065122718,return
6,1065417012,return
6,1065443034,call
6,1065604528,return
5,1066022746,call
5,1066997001,return
3,1068368110,return
3,1068395872,call
1,1070027472,call
1,1071004695,return
3,1071855842,return
3,1071881066,call
3,1072024751,return
7,1074029195,call
7,1075172051,return
1,1080032357,call
3,1080050360,call
3,1081082270,return
1,1082456039,return
5,1083023658,call
1,1083024186,call
7,1084024984,call
7,1084507201,return
7,1085028176,call
7,1085482534,return
5,1085678019,return
5,1085703722,call
5,1085858168,return
1,1085948453,return
8,1087024628,call
3,1087025849,call
3,1087542195,return
8,1088098428,return
3,1089033050,call
3,1089992918,return
4,1090034925,call
1,1090035708,call
4,1090921846,return
1,1092453106,return
7,1093027437,call
7,1093691002,return
1,1094035032,call
8,1096030717,call
1,1096939207,return
2,1097026295,call
3,1097033460,call
3,1097490719,return
4,1098022723,call
6,1098039850,call
2,1098293061,return
8,1098363191,return
1,1099023148,call
6,1099758200,return
7,1100024479,call
4,1100270914,return
7,1100563707,return
7,1101032990,call
7,1101516457,return
1,1101628137,return
8,1104022479,call
2,1104027768,call
8,1104877434,return
4,1105024198,call
3,1105025111,call
2,1105276766,return
3,1105578760,return
3,1106021006,call
4,1106127993,return
3,1106540477,return
6,1108028356,call
6,1109264145,return
8,1111023854,call
8,1111477329,return
2,1113024448,call
4,1114038977,call
4,1114460329,return
2,1115402744,return
6,1116023199,call
6,1118592299,return
1,1121034625,call
2,1121041080,call
2,1121785894,return
1,1123568846,return
6,1124021127,call
7,1124029126,call
6,1124535599,return
7,1124580668,return
5,1127021833,call
8,1128023331,call
5,1128240891,return
8,1129033269,return
4,1130024004,call
3,1130027750,call
3,1130552391,return
4,1131058857,return
8,1136035511,call
8,1136466689,return
8,1136491214,call
8,1136888390,return
2,1137021043,call
4,1138024698,call
2,1138396230,return
4,1138491438,return
4,1139034330,call
4,1139593023,return
6,1140020671,call
6,1140957709,return
8,1145026604,call
8,1145556262,return
2,1146020310,call
1,1146025792,call
2,1146033279,call
2,1146559767,return
2,1146684831,return
4,1147023313,call
4,1147419514,return
6,1148020002,call
6,1149042608,return
6,1149068248,call
6,1149341563,return
1,1149524875,return
7,1150044878,call
7,1150517128,return
8,1153019412,call
8,1153022195,call
8,1153430442,return
8,1153450930,return
2,1154024538,call
2,1154502170,return
3,1155026143,call
4,1155026580,call
3,1155513536,return
4,1155821210,return
4,1155846252,call
4,1156016542,return
6,1157037919,call
6,1157784706,return
2,1162023492,call
1,1162033197,call
2,1162506696,return
2,1163036444,call
2,1163492247,return
1,1164183013,return
1,1164207079,call
1,1164357747,return
6,1165044671,call
6,1165700180,return
6,1166022996,call
6,1166556126,return
7,1167036647,call
5,1167040125,call
5,1168167115,return
7,1169485068,return
7,1169510128,call
7,1169664746,return
3,1171028434,call
3,1173445026,return
3,1173468869,call
3,1173611937,return
8,1178033266,call
8,1178469371,return
4,1180023334,call
4,1180441930,return
2,1187049450,call
2,1187589808,return
6,1190063293,call
6,1190854201,return
8,1203033047,call
8,1203465231,return
4,1205023514,call
1,1205024086,call
4,1205421059,return
1,1206023044,return
7,1210033456,call
7,1211016046,return
2,1212038637,call
2,1212545335,return
3,1214038941,call
3,1214974300,return
6,1215026894,call
6,1215638810,return
5,1218033834,call
5,1218999274,return
8,1220036602,call
4,1222023383,call
8,1222391816,return
8,1222422639,call
8,1222570846,return
4,1223868085,return
4,1223892549,call
4,1224043521,return
5,1227021572,call
5,1228028890,return
2,1229035990,call
2,1231843927,return
2,1231869784,call
6,1232025846,call
2,1232032143,return
6,1235659358,return
5,1244033939,call
1,1245023877,call
5,1245096872,return
1,1246095140,return
7,1251023695,call
7,1252171173,return
5,1253021187,call
5,1253956279,return
3,1255030354,call
3,1256261106,return
5,1259021893,call
5,1260378348,return
8,1261022046,call
8,1262077041,return
4,1264032260,call
4,1264966604,return
5,1268035531,call
5,1269022854,return
2,1271045524,call
2,1272352096,return
6,1274037046,call
6,1275356187,return
5,1278024318,call
5,1278997580,return
5,1291061779,call
5,1292469368,return
5,1294021934,call
5,1295226319,return
1,1296025710,call
1,1297205045,return
7,1302049349,call
8,1303022382,call
7,1303268222,return
8,1303915461,return
5,1305030359,call
4,1305035070,call
1,1305036676,call
4,1305892056,return
1,1305962739,return
3,1306028950,call
5,1306073421,return
3,1307110113,return
7,1310021813,call
5,1310028969,call
7,1311043217,return
5,1311074254,return
2,1312037937,call
2,1313047114,return
3,1314022187,call
6,1315038594,call
6,1316118026,return
3,1316864812,return
1,1322024511,call
1,1323029188,return
7,1327021729,call
7,1327907175,return
3,1331024796,call
1,1332023497,call
3,1332184597,return
5,1333030760,call
1,1334099280,return
5,1334503776,return
7,1335029977,call
7,1335386506,return
1,1337023858,call
1,1337964077,return
3,1339035847,call
3,1339392655,return
7,1341024110,call
7,1342393458,return
3,1346023330,call
1,1346024468,call
3,1347048986,return
1,1348143069,return
5,1350055830,call
7,1351022742,call
7,1351416364,return
5,1353910227,return
5,1353948661,call
3,1354032133,call
8,1354034436,call
5,1354134113,return
3,1354530741,return
8,1354932114,return
4,1356022855,call
4,1356901687,return
1,1357023059,call
7,1359022720,call
7,1359393668,return
8,1362021877,call
8,1362983156,return
2,1363022655,call
2,1364010236,return
4,1364023724,call
3,1364031358,call
3,1364457915,return
4,1364914224,return
6,1365022942,call
6,1366220958,return
7,1368049296,call
7,1368739752,return
2,1371047735,call
3,1372048716,call
3,1372526817,return
2,1372978520,return
6,1374037502,call
7,1376035155,call
6,1376295467,return
7,1376420062,return
8,1379037735,call
3,1380035586,call
4,1380051474,call
8,1380074673,return
3,1380508029,return
1,1380683604,return
4,1381396073,return
1,1383034885,call
8,1386035212,call
8,1386447083,return
2,1388034503,call
4,1389021556,call
7,1389028282,call
2,1389211921,return
4,1389398502,return
7,1389545503,return
7,1391024345,call
6,1391031203,call
7,1391463544,return
6,1392317345,return
1,1392798883,return
1,1392826746,call
1,1392989998,return
3,1394040476,call
3,1394735182,return
8,1395035517,call
3,1396022860,call
8,1396031245,return
2,1396035562,call
3,1396425406,return
2,1396436779,return
4,1397023995,call
4,1397993031,return
6,1399033757,call
6,1399572705,return
5,1402035460,call
8,1403023978,call
5,1403244616,return
8,1403396204,return
2,1404022058,call
2,1404988837,return
4,1405034472,call
4,1405387323,return
6,1407023633,call
6,1408098321,return
2,1412021753,call
8,1412022534,call
1,1412028128,call
2,1412368484,return
8,1412389413,return
1,1413250077,return
4,1414023444,call
4,1414378497,return
6,1415028665,call
6,1415401034,return
7,1417038680,call
7,1418220293,return
8,1420034188,call
8,1420395453,return
2,1421036850,call
2,1421454630,return
4,1422024148,call
3,1422028294,call
4,1422440761,return
6,1423036445,call
3,1423318041,return
6,1423417052,return
8,1428023598,call
8,1428385173,return
1,1429035651,call
2,1429035918,call
2,1429581663,return
4,1430047265,call
4,1430512304,return
1,1431766884,return
1,1431793334,call
1,1431952848,return
6,1432039989,call
6,1432603598,return
7,1433034673,call
7,1433423710,return
5,1434037253,call
7,1435032195,call
5,1435282073,return
7,1436302395,return
2,1437024963,call
2,1437464058,return
3,1438025982,call
3,1439392143,return
3,1439418808,call
3,1439577860,return
6,1441023960,call
6,1441403608,return
8,1442022564,call
8,1442401284,return
8,1444022476,call
8,1444370307,return
4,1445046276,call
4,1445609933,return
4,1447022771,call
4,1447420038,return
6,1450040850,call
6,1450418060,return
2,1452037478,call
2,1452490692,return
2,1453023080,call
2,1453437767,return
6,1457045436,call
6,1457500039,return
8,1470062378,call
8,1471266746,return
4,1472036418,call
4,1473210672,return
2,1479028427,call
1,1480042242,call
2,1480178227,return
1,1481043160,return
6,1482023395,call
6,1483396844,return
7,1485024260,call
8,1486035060,call
7,1486113947,return
8,1486450186,return
8,1487021415,call
8,1487987507,return
4,1488036497,call
4,1488397612,return
4,1489030588,call
4,1489978873,return
3,1490023729,call
3,1491088044,return
5,1494049363,call
2,1495024234,call
5,1495184205,return
2,1495394798,return
2,1496033734,call
2,1497099999,return
6,1498024315,call
6,1498502028,return
6,1498526887,call
6,1499758723,return
5,1502025519,call
5,1503233560,return
5,1510021650,call
1,1511040527,call
5,1511211604,return
1,1512220413,return
7,1517024199,call
7,1518156462,return
5,1519044030,call
5,1520459882,return
3,1521025899,call
3,1522100997,return
5,1526045624,call
5,1527791390,return
5,1534037886,call
5,1535734995,return
8,1536022269,call
8,1537346402,return
4,1539038950,call
4,1539905998,return
5,1544033654,call
5,1545462852,return
2,1546112012,call
2,1547185276,return
6,1549022965,call
6,1550161278,return
5,1552025640,call
5,1553616597,return
5,1560028326,call
5,1561174126,return
8,1570020601,call
8,1570913296,return
1,1572028960,call
4,1572037859,call
4,1572901416,return
1,1572990231,return
5,1576037760,call
7,1577025280,call
5,1577898974,return
7,1578057922,return
2,1579034098,call
1,1580028341,call
2,1580050641,return
1,1580974381,return
3,1581025813,call
6,1582026775,call
3,1582082884,return
6,1583023756,return
5,1584037562,call
7,1585026530,call
5,1585359518,return
7,1586085585,return
1,1588021405,call
1,1588964929,return
3,1589024446,call
3,1590071422,return
7,1594035750,call
7,1595002020,return
1,1597034317,call
3,1598035007,call
1,1598500221,return
3,1599095191,return
5,1600024140,call
5,1601643293,return
7,1602040410,call
7,1604015707,return
1,1604031188,call
1,1604927789,return
3,1606031944,call
3,1607137022,return
7,1608024197,call
7,1609260300,return
1,1613024277,call
3,1613037524,call
3,1614224389,return
1,1614550017,return
5,1617053241,call
7,1618025265,call
7,1619447424,return
5,1620697357,return
5,1620723815,call
5,1620887239,return
3,1621033810,call
1,1622023201,call
3,1622435638,return
1,1623472459,return
7,1627024476,call
7,1628445942,return
8,1629024750,call
8,1630025261,return
3,1631025647,call
1,1631031630,call
4,1631038036,call
4,1631975701,return
3,1632306181,return
1,1632722730,return
7,1635020651,call
7,1636638377,return
8,1637023969,call
8,1637981460,return
2,1638025480,call
1,1639022873,call
3,1639025560,call
4,1639029903,call
2,1639101034,return
6,1640024364,call
4,1640028884,return
3,1640384070,return
1,1640397954,return
6,1641182370,return
7,1643020972,call
7,1644490111,return
8,1645036021,call
2,1646039927,call
8,1646044663,return
3,1647025256,call
4,1647054843,call
2,1647442495,return
3,1648042454,return
4,1648530236,return
6,1649027555,call
6,1650345668,return
8,1653024106,call
1,1654035091,call
8,1654059431,return
2,1655033882,call
1,1655407092,return
4,1656024779,call
2,1656122950,return
4,1656786104,return
7,1658022738,call
6,1658027040,call
6,1659367027,return
7,1659537978,return
8,1661024489,call
1,1661035921,call
8,1662209398,return
1,1662657405,return
3,1663025819,call
2,1663033378,call
4,1664028084,call
2,1664050105,return
3,1664121995,return
4,1665111547,return
6,1666034094,call
6,1666770371,return
7,1667025019,call
7,1668422688,return
5,1669028117,call
8,1670020845,call
5,1670644310,return
2,1671020252,call
3,1671037010,call
8,1671084770,return
4,1672024427,call
2,1672130768,return
3,1672130958,return
4,1672730913,return
6,1674023547,call
6,1675352889,return
8,1679021920,call
2,1679022796,call
1,1679026189,call
1,1679985042,return
2,1680022892,return
8,1680036146,return
4,1681023810,call
4,1681703624,return
6,1682027741,call
6,1682696599,return
7,1684022320,call
7,1685205603,return
8,1687021068,call
2,1688022550,call
3,1688024167,call
8,1688359383,return
2,1688853870,return
3,1689218263,return
6,1690022739,call
4,1690024897,call
6,1690804405,return
4,1691033950,return
8,1695054831,call
1,1696028391,call
2,1696042703,call
8,1696404668,return
4,1697041931,call
2,1697652077,return
4,1697887672,return
1,1698449317,return
1,1698475687,call
1,1698663582,return
6,1700025150,call
7,1701038240,call
5,1701043374,call
6,1701328545,return
5,1702729500,return
7,1704854823,return
3,1705025726,call
2,1705038654,call
2,1705871820,return
3,1707565441,return
3,1707590341,call
3,1707743201,return
6,1708024064,call
6,1708781477,return
8,1711035712,call
8,1712060757,return
4,1714024985,call
4,1714811803,return
8,1720025515,call
2,1720031000,call
2,1720792889,return
8,1721084624,return
4,1722036112,call
4,1722748830,return
6,1723046010,call
6,1723956276,return
2,1729025327,call
2,1729826219,return
6,1732023294,call
6,1732764354,return
8,1737029641,call
8,1738241657,return
4,1739024708,call
4,1740190831,return
2,1746032222,call
1,1747025515,call
2,1747383329,return
1,1747896309,return
6,1749025120,call
6,1750385824,return
7,1752023957,call
8,1753030264,call
7,1754347031,return
4,1755024209,call
8,1755261451,return
8,1755286700,call
8,1755435704,return
3,1756026790,call
4,1756782668,return
4,1756807111,call
4,1756956608,return
3,1759047135,return
5,1760026652,call
2,1762043786,call
5,1764435604,return
2,1764587525,return
2,1764615491,call
2,1764766310,return
6,1766048829,call
6,1768891651,return
5,1769024537,call
5,1770066859,return
5,1777022641,call
1,1778023898,call
5,1778442947,return
1,1779292916,return
7,1784023470,call
5,1786026811,call
7,1786197475,return
5,1787355999,return
3,1788036283,call
3,1790956581,return
5,1793044830,call
5,1794744083,return
5,1801048898,call
5,1802807944,return
8,1803024044,call
8,1804743551,return
4,1806025219,call
4,1807089643,return
2,1813031695,call
2,1815355299,return
6,1816024660,call
6,1819892645,return
5,1828031018,call
5,1829404293,return
8,1837024166,call
4,1838024313,call
1,1839022968,call
8,1841012878,return
4,1841996554,return
1,1842472724,return
7,1843023795,call
5,1843025344,call
5,1845798039,return
5,1845822303,call
5,1846008806,return
2,1846033200,call
1,1847021157,call
2,1847234016,return
7,1847436798,return
1,1847793290,return
3,1848038330,call
6,1849033595,call
6,1850308222,return
5,1851038243,call
7,1852023573,call
3,1852278316,return
7,1853023491,return
5,1853993000,return
5,1854017149,call
5,1854168161,return
1,1855021628,call
3,1856023021,call
3,1856964522,return
1,1857083934,return
7,1861035433,call
7,1863901404,return
1,1864022303,call
3,1864023254,call
1,1865344737,return
3,1865669047,return
5,1867024017,call
7,1868033734,call
7,1868497488,return
5,1868902194,return
1,1871039326,call
3,1872023575,call
1,1872077056,return
3,1872581761,return
7,1875023356,call
7,1876362418,return
1,1880018428,call
3,1880025391,call
3,1881216722,return
1,1881245116,return
5,1883034958,call
7,1884024755,call
7,1884520551,return
5,1886954280,return
5,1887003214,call
5,1887219489,return
3,1888026334,call
3,1889023141,return
8,1896024280,call
8,1897187134,return
4,1898023843,call
4,1898857618,return
8,1904023835,call
2,1905030685,call
8,1905085355,return
4,1906023731,call
4,1906926050,return
1,1907019086,call
6,1907023006,call
1,1908319718,return
7,1910034983,call
2,1910067967,return
7,1910519480,return
8,1912024063,call
2,1912029770,call
6,1912450391,return
8,1913503047,return
2,1913799499,return
4,1914030588,call
3,1914045029,call
3,1914691251,return
4,1915655774,return
6,1916045783,call
8,1919024733,call
6,1919157205,return
8,1919452540,return
1,1921030367,call
4,1922026400,call
2,1922034052,call
4,1922518165,return
1,1922700689,return
2,1923433995,return
6,1924024643,call
1,1925018376,call
7,1925069016,call
7,1925550178,return
6,1925576862,return
7,1926029105,call
1,1926463675,return
7,1926761251,return
1,1928021048,call
8,1928026437,call
2,1929057953,call
8,1929438691,return
1,1929561772,return
2,1929839479,return
3,1930026520,call
3,1930733207,return
3,1930761980,call
1,1931032134,call
4,1931033003,call
3,1931358126,return
6,1932035454,call
4,1932219763,return
1,1932326665,return
6,1933298761,return
7,1934025696,call
7,1934701389,return
7,1935027606,call
7,1935689710,return
8,1936022352,call
8,1936401230,return
2,1937046340,call
4,1938024740,call
3,1938041284,call
4,1938444414,return
2,1938595063,return
3,1938811282,return
3,1939023634,call
3,1939616105,return
6,1940023557,call
6,1941748369,return
2,1945022660,call
2,1945586407,return
1,1946032986,call
1,1947365948,return
6,1948043464,call
6,1948932358,return
7,1951031336,call
7,1953949813,return
3,1955034594,call
3,1957304901,return
8,1962022531,call
8,1962416602,return
1,1963042566,call
4,1964022838,call
4,1964417133,return
1,1965107648,return
1,1965128397,call
1,1965252081,return
7,1967044416,call
7,1969738010,return
7,1969783408,call
7,1970072438,return
2,1971036137,call
3,1971067008,call
5,1971077157,call
2,1971665526,return
5,1972635980,return
6,1973023577,call
3,1973070123,return
3,1973096254,call
3,1973225604,return
6,1973891302,return
8,1978023640,call
8,1978499619,return
8,1979022963,call
8,1979385135,return
4,1980024084,call
4,1980463680,return
4,1981023215,call
4,1981405226,return
8,1986036388,call
8,1986465068,return
2,1987035744,call
8,1987054502,call
8,1987673990,return
4,1988028192,call
4,1988426099,return
4,1989047130,call
4,1989484296,return
6,1990034350,call
6,1992508574,return
6,1992549774,call
6,1992748542,return
5,1994022436,call
5,1995248918,return
6,1999031370,call
6,2001388240,return
6,2001428636,call
6,2001654644,return
8,2003040443,call
8,2004563732,return
4,2005023017,call
4,2006278694,return
6,2016023361,call
6,2018028184,return
8,2019036695,call
8,2019566702,return
8,2020032000,call
4,2022024292,call
4,2022450257,return
4,2023029523,call
6,2032026346,call
2,2036410329,return
2,2036451039,call
2,2040354608,return
2,2040378936,call
2,2040522924,return
1,2048022464,call
4,2053814219,return
4,2053836863,call
4,2053990251,return
7,2054033589,call
3,2058036498,call
6,2065451126,return
6,2065476299,call
6,2065683555,return
6,2065726204,call
6,2065939153,return
5,2075043108,call
8,2076992454,return
8,2077023410,call
8,2077154768,return
7,2077484278,return
7,2077509890,call
7,2078681987,return
7,2078709366,call
7,2078905749,return
3,2088935191,return
3,2088957650,call
3,2090034180,return
3,2090058554,call
3,2090175366,return
1,2098072006,return
1,2098096588,call
1,2099270387,return
1,2099304940,call
1,2099443301,return
5,2106928143,return
5,2106952833,call
8,2107025998,call
8,2108453781,return
4,2109033689,call
4,2110788026,return
5,2112072580,return
5,2112094106,call
5,2112213815,return
2,2116030548,call
2,2117513380,return
6,2119036014,call
8,2128049814,call
5,2129019476,call
8,2129799813,return
5,2130195540,return
4,2131028480,call
4,2132222651,return
5,2133049364,call
5,2135318849,return
5,2135363308,call
5,2136961922,return
6,2137899580,return
2,2138031468,call
2,2139449812,return
6,2142020323,call
6,2143091421,return
5,2144028766,call
5,2145563017,return
1,2154023130,call
1,2156706006,return
1,2156725881,call
1,2156842889,return
5,2158026305,call
7,2158037030,call
7,2158702480,return
7,2160018974,call
5,2160809432,return
5,2160841551,call
1,2161019560,call
5,2161049024,return
7,2161269583,return
1,2161996025,return
3,2162035765,call
3,2162778534,return
3,2164033440,call
1,2165018982,call
7,2165043910,call
3,2165125802,return
7,2166209810,return
1,2166534290,return
7,2168021332,call
7,2168632127,return
3,2170021272,call
3,2171082939,return
1,2172018862,call
1,2172948125,return
3,2173020329,call
3,2173607523,return
5,2174020017,call
5,2175405742,return
7,2178024342,call
7,2179086154,return
3,2181019874,call
3,2182104723,return
1,2183019486,call
1,2184130047,return
7,2186021816,call
7,2187097591,return
3,2191018059,call
5,2192021113,call
3,2192161543,return
5,2195112152,return
1,2211018097,call
8,2211037774,call
8,2212020718,call
8,2212106150,return
7,2213023148,call
4,2213029034,call
8,2213184301,return
7,2213643140,return
4,2213822322,return
1,2214018230,call
4,2214019488,call
1,2214257667,return
1,2214277569,call
1,2214397460,return
4,2215142711,return
1,2215534700,return
7,2216021985,call
7,2216732853,return
3,2217059466,call
3,2217704244,return
7,2218022283,call
7,2218621104,return
8,2219037045,call
2,2220034553,call
3,2221032793,call
4,2221037083,call
8,2221837613,return
8,2221863400,call
3,2221970047,return
3,2222024815,call
6,2222027743,call
8,2222051673,return
4,2222595469,return
3,2222890239,return
2,2222990852,return
2,2223012666,call
4,2223017422,call
1,2223019716,call
2,2223175829,return
4,2223691676,return
6,2224037879,return
6,2224060599,call
6,2224190811,return
1,2224512603,return
7,2226020994,call
7,2226572872,return
2,2228029429,call
2,2229168096,return
2,2230031591,call
6,2231021414,call
3,2231036146,call
3,2231953062,return
2,2232134969,return
6,2232230883,return
6,2233035758,call
4,2233094430,call
6,2233995835,return
4,2234714618,return
1,2235022357,call
1,2238011144,return
2,2238030196,call
1,2238032114,call
1,2238154610,return
2,2240139343,return
6,2241020793,call
4,2241031563,call
7,2242022378,call
5,2242033920,call
6,2242320822,return
4,2243022828,return
5,2243521142,return
7,2243774386,return
7,2243796697,call
7,2243934457,return
3,2245045381,call
3,2247261180,return
3,2247284452,call
3,2247445320,return
6,2251067289,call
1,2253021487,call
6,2253029922,return
1,2254621745,return
7,2258033292,call
8,2258209589,call
7,2258586553,return
8,2261034769,return
3,2262029449,call
3,2262573342,return
8,2265045408,call
8,2266047420,return
4,2267026900,call
4,2267788875,return
8,2269022184,call
8,2269931990,return
8,2270017912,call
1,2270018852,call
8,2270840864,return
4,2271020135,call
2,2271055920,call
1,2271234777,return
4,2272321388,return
4,2272344038,call
4,2272480846,return
7,2275028589,call
6,2275036153,call
6,2275786948,return
2,2275945924,return
2,2275969280,call
2,2276104839,return
7,2276656106,return
2,2278022501,call
3,2278025290,call
8,2279028497,call
8,2280595805,return
6,2281019730,call
2,2281404816,return
2,2281426912,call
2,2281565157,return
3,2281661898,return
6,2281697717,return
6,2282020470,call
6,2282642188,return
5,2285032407,call
5,2286156558,return
6,2290023510,call
6,2290770693,return
8,2294040770,call
2,2295025886,call
8,2296247925,return
8,2296270424,call
8,2296396691,return
2,2296726566,return
2,2303019146,call
4,2305283345,call
2,2305675319,return
2,2305696015,call
2,2305819896,return
6,2306022760,call
6,2307632998,return
6,2307652595,call
6,2307777021,return
4,2308622065,return
4,2308642410,call
4,2308760408,return
8,2311042362,call
8,2312043389,return
4,2313018340,call
4,2313597859,return
1,2319020154,call
1,2320020524,return
2,2320043176,call
2,2321715993,return
6,2323019578,call
6,2323782681,return
7,2325023465,call
7,2326209490,return
5,2327034140,call
8,2328031690,call
4,2329017225,call
3,2329037841,call
8,2329249115,return
4,2330255798,return
3,2330283114,return
2,2337021703,call
2,2338273629,return
6,2340017514,call
6,2341201541,return
1,2363027633,call
1,2363891082,return
7,2369019894,call
7,2370209034,return
3,2372027446,call
3,2373161736,return
8,2377032098,call
8,2378052659,return
4,2379025283,call
4,2380120660,return
2,2387022145,call
2,2388296294,return
6,2389020786,call
6,2390224190,return
1,2405018165,call
1,2405956312,return
7,2410020132,call
7,2411045180,return
3,2414038091,call
3,2415545025,return
8,2420019374,call
1,2420019715,call
1,2421519383,return
8,2421565512,return
4,2423034191,call
4,2424190431,return
7,2425020520,call
7,2425613869,return
1,2428022010,call
3,2428030160,call
3,2428845616,return
2,2430023353,call
1,2430091299,return
2,2431087859,return
7,2432020342,call
6,2433021157,call
7,2433670859,return
6,2434018992,return
3,2437026874,call
3,2438711894,return
5,2441322146,return
5,2441344420,call
1,2447025361,call
1,2449335889,return
1,2449356506,call
1,2449478206,return
7,2452033936,call
7,2452554416,return
7,2453020264,call
7,2454514882,return
3,2456029339,call
3,2458295966,return
3,2458330647,call
3,2458539421,return
8,2462021185,call
8,2463118288,return
4,2464021349,call
4,2465218789,return
2,2471025143,call
2,2472006843,return
1,2472030095,call
1,2473525749,return
6,2474025332,call
6,2476373561,return
8,2477027686,call
7,2477044383,call
8,2477564104,return
1,2478038641,call
7,2478307390,return
4,2479035625,call
4,2479590627,return
5,2480226856,return
5,2480253158,call
1,2480485751,return
3,2481037245,call
7,2482023500,call
3,2482599176,return
7,2482640404,return
8,2486018068,call
1,2486030907,call
2,2487020936,call
3,2487023911,call
8,2487257532,return
2,2487638084,return
3,2487667716,return
1,2487679826,return
4,2488030913,call
4,2488886300,return
1,2489018273,call
6,2489026331,call
6,2489565029,return
1,2491939593,return
1,2491959703,call
7,2492031189,call
1,2492127905,return
7,2492645899,return
7,2493020371,call
7,2493842474,return
7,2493864692,call
7,2493995809,return
2,2495020724,call
2,2495970728,return
3,2496027834,call
3,2496784327,return
6,2498019854,call
3,2498031771,call
1,2499019714,call
6,2499264317,return
3,2499512568,return
1,2500437106,return
7,2502028169,call
7,2502491585,return
1,2503017914,call
8,2503032811,call
8,2503594748,return
8,2504020891,call
1,2504668228,return
8,2505582726,return
3,2506019208,call
4,2506038547,call
3,2506554139,return
4,2507642263,return
4,2507662772,call
4,2507785301,return
7,2509019169,call
7,2510279650,return
2,2513022045,call
3,2513033944,call
2,2514410738,return
2,2514433248,call
3,2514441609,return
2,2514604308,return
6,2516021569,call
6,2517662618,return
6,2517683946,call
6,2517811361,return
5,2518005427,return
5,2518028811,call
8,2529021365,call
4,2530071859,call
8,2530159979,return
4,2532069078,return
8,2535020010,call
8,2535582075,return
1,2537098005,call
4,2538017276,call
2,2538034905,call
4,2538667982,return
2,2539120012,return
1,2539819790,return
6,2541038114,call
7,2542059618,call
6,2542219035,return
8,2544022014,call
8,2544597578,return
2,2545032230,call
7,2545467621,return
7,2545505408,call
2,2545518618,return
7,2545708240,return
8,2546020308,call
4,2546030917,call
4,2546944603,return
8,2547012944,return
4,2547039556,call
6,2548026610,call
4,2548423591,return
4,2548444253,call
4,2548570166,return
6,2548610810,return
2,2553018982,call
2,2553573745,return
8,2554019800,call
8,2554529290,return
2,2555031862,call
1,2555037218,call
6,2556030594,call
4,2556032031,call
1,2556113065,return
2,2556120637,return
5,2556519719,return
5,2556543649,call
6,2556637751,return
4,2556720503,return
6,2557016766,call
6,2557590091,return
6,2558031350,call
6,2558631383,return
8,2561018886,call
2,2562030276,call
8,2562247127,return
2,2562621462,return
4,2563020604,call
3,2563037637,call
4,2564238735,return
6,2566023825,call
3,2566089418,return
3,2566136826,call
3,2566381424,return
6,2566614832,return
2,2570020516,call
2,2571259024,return
6,2573020884,call
6,2574248070,return
8,2594032186,call
8,2594553776,return
5,2595352683,return
5,2595376509,call
4,2596031185,call
4,2596675094,return
2,2603031605,call
2,2603541030,return
6,2606020763,call
6,2608226179,return
6,2608245917,call
6,2608362946,return
8,2613017794,call
1,2613028872,call
1,2614373167,return
8,2614454440,return
4,2616018449,call
4,2616937667,return
7,2619049113,call
7,2620490022,return
2,2622033198,call
2,2623003216,return
3,2623042805,call
3,2624239231,return
5,2639835884,return
5,2639860531,call
1,2647025958,call
1,2648221509,return
7,2653049821,call
7,2654518627,return
3,2656022639,call
3,2657065570,return
8,2671026165,call
1,2672021933,call
4,2673019769,call
1,2673121334,return
8,2673150592,return
4,2673929224,return
7,2678041405,call
7,2679345522,return
2,2680021993,call
3,2681018768,call
2,2681042287,return
3,2682320435,return
6,2683020868,call
6,2684039629,return
1,2691020757,call
1,2692132115,return
7,2696048618,call
7,2696568099,return
1,2698019029,call
3,2699038452,call
1,2699086571,return
3,2699842012,return
7,2702023356,call
7,2702383426,return
5,2703002836,return
8,2703024923,call
5,2703028256,call
8,2704417894,return
3,2706025468,call
4,2706048917,call
3,2706693676,return
4,2707719094,return
2,2713019588,call
2,2713982168,return
1,2714027112,call
1,2715370031,return
6,2717043253,call
6,2718653238,return
7,2719024427,call
7,2720178369,return
1,2722022860,call
3,2723018967,call
1,2723046873,return
3,2724171904,return
7,2727029019,call
7,2728258299,return
8,2729032829,call
8,2730275109,return
3,2731020148,call
4,2731025252,call
4,2732094372,return
3,2732263144,return
2,2738019577,call
2,2739113880,return
6,2740030142,call
6,2741479593,return
1,2744022930,call
1,2745674310,return
7,2748019213,call
8,2748024994,call
8,2748360139,return
7,2749263848,return
4,2750030434,call
4,2750337828,return
8,2753020062,call
3,2753039304,call
8,2753432681,return
3,2754509247,return
4,2756022468,call
1,2756032532,call
4,2756379666,return
2,2757030945,call
1,2757163070,return
2,2757391257,return
5,2758220720,return
5,2758243882,call
7,2760028609,call
6,2760034379,call
6,2760430598,return
7,2760467809,return
2,2763030122,call
2,2763412953,return
3,2764018715,call
1,2765017311,call
3,2765117293,return
6,2766030245,call
6,2766446178,return
1,2766706030,return
7,2768029679,call
7,2768567874,return
8,2771019257,call
1,2772018698,call
3,2772028211,call
8,2772176146,return
3,2772422482,return
1,2773008345,return
4,2773020416,call
4,2774199359,return
7,2777019541,call
7,2778131660,return
2,2779019030,call
8,2779026484,call
8,2779958875,return
4,2780033369,call
2,2780253715,return
3,2781018040,call
4,2781457078,return
3,2781469072,return
6,2783020815,call
6,2784175364,return
2,2788017320,call
2,2788934961,return
6,2791030203,call
1,2791074459,call
6,2792177097,return
1,2793117855,return
7,2795058656,call
7,2795761155,return
8,2802038991,call
8,2803038665,return
3,2803067393,call
3,2803809239,return
4,2804019980,call
4,2805009655,return
2,2811019303,call
2,2811982798,return
8,2812017132,call
8,2812347991,return
5,2813099621,return
5,2813122049,call
4,2814017271,call
6,2814019475,call
4,2814336057,return
6,2814982847,return
1,2819041337,call
1,2820637073,return
8,2821017319,call
8,2821335803,return
4,2822017081,call
2,2822030712,call
4,2822348958,return
2,2822518330,return
6,2824017674,call
6,2824383350,return
7,2825028573,call
7,2825507719,return
2,2829022292,call
8,2829033334,call
3,2829039266,call
2,2829398991,return
8,2829442249,return
3,2829518256,return
4,2830048261,call
4,2831065697,return
6,2833020901,call
6,2833904668,return
2,2838018117,call
2,2838962125,return
6,2841019570,call
6,2841416429,return
8,2848019430,call
8,2848931829,return
4,2850031292,call
4,2850359166,return
5,2851575394,return
5,2851614168,call
2,2857031171,call
2,2857393425,return
6,2860021739,call
6,2860339994,return
8,2877030761,call
8,2877423103,return
4,2879029951,call
4,2879372176,return
2,2887027148,call
2,2887367984,return
5,2889830651,return
5,2889853751,call
6,2890019546,call
6,2890345794,return
1,2892038694,call
1,2893368678,return
7,2897033265,call
7,2898447556,return
3,2900041659,call
3,2901421195,return
1,2914021454,call
1,2915138240,return
7,2919025492,call
7,2920192477,return
3,2923021308,call
3,2923976377,return
5,2926067907,return
5,2926105102,call
1,2938040123,call
1,2939238656,return
7,2944024638,call
7,2945209902,return
3,2948025098,call
8,2949031615,call
3,2949033424,return
8,2949961884,return
4,2951017608,call
4,2952020179,return
2,2959031250,call
2,2959994370,return
6,2962020112,call
6,2963035615,return
5,2963915381,return
5,2963939145,call
1,2964030504,call
1,2965320298,return
7,2969042352,call
7,2969733837,return
8,2970020423,call
8,2971567822,return
3,2973018470,call
4,2973020128,call
3,2973616654,return
4,2974142273,return
2,2980030723,call
2,2981003632,return
6,2983018756,call
6,2984146558,return
1,2986021789,call
1,2987369035,return
7,2992035840,call
7,2993645723,return
8,2996025267,call
3,2996030102,call
1,2996031375,call
1,2996960117,return
8,2996965282,return
3,2997506265,return
4,2998018440,call
4,2998946076,return
7,3003029240,call
5,3003406818,return
5,3003430956,call
7,3004188349,return
1,3005018266,call
2,3005021886,call
1,3005871720,return
3,3006022077,call
3,3006916029,return
6,3007036289,call
6,3008308815,return
7,3011052852,call
7,3012489067,return
3,3014021417,call
3,3014948864,return
8,3020023928,call
8,3021332268,return
4,3023017649,call
1,3025018555,call
1,3026223788,return
2,3028364728,return
2,3028389446,call
2,3028540267,return
2,3030033941,call
7,3030034461,call
7,3030703918,return
2,3030715565,return
6,3033019696,call
6,3033920613,return
3,3034023088,call
3,3034717832,return
1,3039018978,call
1,3040296560,return
7,3044019843,call
7,3044628588,return
8,3045018967,call
4,3045482603,return
4,3045515761,call
4,3045725967,return
4,3046032804,call
1,3047020700,call
4,3047276040,return
3,3048018036,call
1,3048182901,return
3,3048612075,return
7,3052037430,call
7,3052947104,return
2,3054022256,call
2,3055052034,return
4,3056016662,call
3,3056021917,call
1,3056027963,call
3,3056655949,return
4,3056969337,return
6,3057017653,call
7,3060027403,call
2,3062028093,call
2,3063325469,return
4,3064032919,call
3,3065016701,call
4,3065126967,return
8,3069501658,return
8,3069522511,call
8,3071391630,return
8,3071410423,call
8,3071513916,return
2,3072019943,call
2,3072960117,return
5,3077446799,return
5,3077471013,call
1,3079770425,return
1,3079791447,call
1,3081294289,return
1,3081338391,call
1,3081520786,return
8,3082017561,call
8,3082864273,return
4,3085018843,call
4,3085751742,return
3,3089560069,return
3,3089578728,call
6,3090923966,return
6,3090944565,call
3,3090996893,return
3,3091016610,call
3,3091124317,return
2,3092017844,call
2,3092598398,return
6,3092747439,return
6,3092767017,call
6,3092868526,return
6,3095016127,call
6,3095649028,return
8,3096017259,call
8,3096889125,return
4,3098016521,call
4,3098681676,return
1,3099023172,call
1,3101732448,return
1,3101750925,call
1,3101854342,return
8,3104017093,call
8,3104902509,return
2,3105023360,call
2,3105677543,return
4,3106028805,call
4,3106630522,return
6,3107016820,call
6,3107734338,return
7,3108594744,return
7,3108618720,call
3,3109035405,call
3,3110650852,return
2,3112030586,call
8,3112045287,call
2,3112784719,return
8,3113666827,return
4,3114029723,call
4,3114935882,return
6,3116031221,call
7,3116136645,return
7,3116156284,call
7,3116284538,return
6,3116826536,return
1,3117022429,call
1,3119231316,return
1,3119248374,call
1,3119351035,return
7,3121019736,call
7,3121916258,return
7,3121935212,call
2,3122019320,call
7,3122072326,return
2,3122668293,return
6,3125021779,call
6,3125693847,return
3,3126034064,call
3,3127106184,return
3,3127124901,call
3,3127230443,return
8,3130040645,call
8,3131213004,return
4,3132029705,call
4,3132934253,return
2,3139017779,call
2,3140006716,return
6,3142015905,call
6,3143113992,return
8,3157021911,call
8,3158550944,return
8,3158570090,call
8,3158682556,return
4,3159017895,call
4,3160558804,return
4,3160576078,call
4,3160677075,return
2,3166019639,call
2,3167622940,return
2,3167641566,call
2,3167751363,return
6,3169036230,call
6,3171043391,return
6,3171061361,call
6,3171176965,return
8,3174022152,call
8,3174927494,return
8,3174945728,call
8,3175064820,return
4,3176017047,call
4,3176382902,return
4,3176408407,call
4,3177009780,return
2,3183025907,call
2,3183996808,return
2,3184014864,call
2,3184120205,return
6,3187016104,call
6,3187906349,return
1,3197021675,call
1,3198297614,return
7,3203034403,call
7,3204155416,return
3,3206025998,call
3,3207111280,return
1,3222016406,call
1,3223165868,return
7,3227028421,call
7,3228334886,return
3,3231017130,call
3,3231912181,return
1,3247017277,call
1,3248808898,return
1,3248825117,call
1,3248916562,return
7,3252018036,call
8,3253023302,call
7,3253739076,return
7,3253756042,call
7,3253860092,return
8,3254322323,return
3,3256019662,call
4,3256035205,call
3,3256644602,return
3,3256660994,call
3,3257461655,return
4,3257733073,return
2,3263043519,call
2,3264118021,return
6,3267018340,call
6,3268299975,return
1,3272017872,call
1,3272988078,return
1,3275025535,call
1,3276005863,return
7,3277015952,call
7,3278300471,return
8,3279030603,call
7,3280029559,call
8,3280184900,return
3,3281019469,call
4,3281029803,call
7,3281249425,return
4,3281901603,return
3,3281965909,return
3,3283017733,call
3,3284167251,return
2,3289019561,call
5,3289892623,return
5,3289916302,call
2,3290155247,return
6,3291017370,call
6,3292212165,return
8,3303028939,call
8,3303898666,return
8,3305022055,call
4,3306028137,call
1,3306028843,call
8,3306113637,return
1,3307067540,return
4,3308270527,return
4,3308289979,call
4,3308400505,return
7,3310021737,call
7,3310605106,return
2,3313019326,call
2,3314838650,return
2,3314861045,call
2,3314969857,return
3,3315020255,call
3,3315784119,return
6,3317053373,call
6,3319519062,return
1,3322017821,call
1,3322853163,return
7,3327028375,call
7,3327621385,return
8,3329034542,call
8,3330071735,return
3,3331016778,call
4,3331042693,call
3,3331628268,return
4,3332330862,return
8,3333025321,call
8,3333905177,return
4,3334030384,call
4,3334988546,return
2,3339017284,call
2,3339998211,return
6,3341035536,call
2,3342028362,call
6,3342214252,return
2,3342934509,return
6,3345018307,call
6,3346212642,return
8,3363031999,call
8,3363620450,return
1,3364032780,call
1,3364884039,return
4,3365032897,call
4,3365720964,return
5,3366586512,return
5,3366613247,call
7,3369016624,call
7,3369553118,return
2,3372030407,call
2,3372607801,return
3,3373028090,call
3,3373563388,return
6,3374030910,call
6,3374973787,return
8,3379020625,call
8,3379606921,return
4,3380030926,call
4,3380895118,return
2,3388016802,call
2,3388595656,return
6,3392023434,call
6,3392924734,return
1,3419021926,call
1,3420405393,return
8,3421019594,call
8,3421600171,return
4,3423018138,call
4,3423696272,return
7,3425024238,call
7,3426293055,return
2,3429017975,call
3,3429031321,call
2,3429804286,return
3,3430115432,return
6,3433024365,call
6,3433791928,return
5,3438402222,return
5,3438428798,call
1,3464031921,call
1,3465064850,return
7,3469031284,call
7,3470235716,return
1,3472014990,call
1,3473028497,return
3,3473041519,call
3,3474097826,return
7,3477023665,call
8,3478024029,call
7,3478169570,return
4,3479029187,call
8,3479125836,return
1,3480012160,call
4,3480228517,return
3,3481017442,call
1,3481019814,return
3,3482011555,return
1,3484013891,call
1,3484898626,return
7,3486016185,call
2,3487016394,call
7,3487090372,return
2,3488008931,return
7,3489034276,call
7,3489573959,return
6,3490019889,call
3,3490020592,call
6,3491444448,return
3,3494432047,return
3,3494451094,call
3,3494549094,return
5,3510190868,return
5,3510215671,call
1,3513013452,call
1,3513404770,return
1,3516018077,call
1,3516139835,return
7,3519044277,call
7,3519519138,return
8,3520027875,call
7,3521016231,call
7,3521201242,return
8,3521289830,return
4,3523032266,call
3,3523033101,call
3,3523647647,return
4,3524100531,return
3,3525024910,call
3,3525229039,return
8,3529018587,call
2,3530029006,call
8,3530122300,return
2,3530970854,return
4,3531029960,call
4,3531923856,return
6,3533028658,call
6,3534253388,return
1,3535018084,call
1,3537231555,return
1,3537253876,call
1,3537376997,return
8,3538016560,call
2,3538017425,call
8,3538936335,return
7,3539019170,call
1,3539019400,call
2,3539031761,return
4,3540015763,call
4,3540987036,return
8,3541016679,call
6,3541048322,call
1,3541081523,return
7,3541348420,return
7,3541367110,call
7,3541469098,return
8,3541582802,return
6,3542133301,return
4,3543020500,call
4,3543644766,return
7,3544030078,call
1,3545015827,call
3,3545025169,call
7,3545180225,return
2,3546016707,call
1,3546058651,return
3,3547004910,return
2,3547185602,return
3,3548016635,call
2,3550016618,call
6,3550019930,call
2,3550881424,return
6,3551112656,return
7,3552019787,call
7,3552576776,return
6,3554015997,call
6,3554830838,return
1,3555017492,call
1,3556020502,return
7,3560016357,call
7,3560556090,return
8,3570026298,call
8,3570477206,return
8,3573016525,call
4,3573021121,call
8,3573168320,return
4,3573681591,return
4,3575016147,call
4,3575166549,return
3,3579042571,return
3,3579064386,call
2,3580028314,call
2,3580388707,return
3,3580480595,return
3,3580499173,call
3,3580591016,return
6,3583021833,call
2,3583029236,call
2,3583189285,return
6,3583550031,return
6,3585020755,call
6,3585327351,return
5,3587005601,return
5,3587029723,call
1,3588031380,call
1,3588863682,return
1,3588875682,call
1,3588942085,return
1,3591029703,call
1,3591221976,return
1,3591242495,call
1,3591345047,return
7,3594042184,call
7,3594845701,return
7,3594863102,call
7,3594969661,return
4,3595024960,call
7,3597012647,call
7,3597015752,call
7,3597138068,return
7,3597141973,return
3,3598020188,call
4,3598426457,return
4,3598456472,call
4,3598579789,return
3,3599172055,return
3,3599191501,call
3,3599281735,return
3,3600023566,call
3,3600204474,return
3,3600221702,call
3,3600362257,return
2,3602016323,call
6,3604019815,call
2,3604244673,return
2,3604261461,call
2,3604362452,return
4,3605015865,call
2,3605029062,call
4,3605588616,return
6,3605966012,return
2,3606014886,return
6,3608023180,call
6,3609485317,return
2,3613028643,call
2,3613547813,return
4,3615025274,call
4,3615595235,return
6,3616018455,call
6,3616805940,return
1,3622014355,call
2,3622015332,call
1,3622455425,return
2,3622534889,return
1,3625014970,call
6,3625018094,call
1,3625159330,return
6,3625706060,return
7,3628032287,call
7,3628547075,return
7,3630013062,call
7,3630132498,return
3,3632050860,call
3,3632662096,return
3,3634015859,call
3,3634146582,return
4,3648032967,call
4,3649365071,return
4,3649383273,call
4,3649551072,return
4,3650024112,call
4,3650033384,call
4,3650174102,return
2,3655016803,call
2,3655726097,return
2,3655743157,call
2,3655853353,return
6,3657024701,call
6,3657577099,return
6,3658017064,call
2,3658017158,call
2,3658182683,return
2,3658199945,call
2,3658309365,return
6,3658531772,return
5,3659106821,return
5,3659147204,call
6,3660029268,call
6,3660244299,return
6,3661023077,call
6,3661294968,return
1,3683015710,call
1,3684006496,return
2,3688017427,call
7,3688028923,call
2,3688436031,return
7,3689699744,return
2,3691017696,call
3,3691038729,call
2,3691146820,return
3,3692286248,return
5,3722061815,return
5,3722086524,call
1,3728014659,call
7,3734017450,call
3,3738022285,call
7,3752718322,return
3,3754555927,return
7,3759019030,call
7,3759515591,return
1,3761369361,return
1,3761382439,call
1,3761458559,return
7,3762018812,call
3,3762023927,call
7,3762188323,return
3,3762806521,return
3,3764017484,call
3,3764145221,return
8,3789965940,call
5,3794199934,return
5,3794226097,call
8,3801889703,return
8,3801908467,call
8,3802004066,return
1,3808026122,call
1,3808638056,return
1,3809022419,call
1,3810047841,return
1,3811012021,call
8,3811015997,call
1,3811138261,return
8,3811358606,return
8,3814015963,call
7,3814036735,call
8,3814135355,return
7,3815806731,return
7,3815824331,call
7,3815924285,return
7,3817041734,call
7,3817205114,return
7,3822021254,call
7,3823164952,return
7,3833039125,call
7,3833670096,return
7,3834012427,call
7,3834120134,return
7,3844023645,call
7,3844725934,return
5,3853541018,return
5,3853564421,call
8,3867023943,call
8,3868291266,return
8,3869017200,call
7,3869040152,call
8,3869181437,return
7,3869562396,return
7,3871018807,call
7,3871128414,return
6,3872337347,call
8,3875019739,call
8,3876029038,return
6,3881464834,return
6,3881483197,call
6,3881606762,return
8,3885025119,call
8,3885693919,return
8,3886018882,call
8,3886151473,return
6,3887015421,call
6,3887819943,return
4,3888473222,return
4,3888491294,call
4,3888592071,return
4,3898015466,call
6,3898036998,call
4,3898719144,return
6,3898744180,return
6,3899021494,call
6,3899266080,return
8,3901184760,call
8,3902169845,return
6,3909027085,call
6,3909620541,return
2,3910326223,call
2,3919917524,return
2,3919936345,call
2,3920032317,return
8,3921020132,call
8,3921437076,return
4,3923028812,call
5,3923495956,return
5,3923517393,call
4,3923540739,return
8,3924025721,call
8,3924152093,return
4,3926015877,call
4,3926137936,return
8,3927025791,call
8,3927733624,return
8,3928022459,call
8,3928294164,return
4,3929023197,call
4,3929841677,return
4,3929856230,call
4,3929941070,return
2,3931031566,call
2,3931397725,return
2,3933018624,call
2,3933170240,return
6,3934018334,call
6,3934493724,return
6,3936018252,call
2,3936029572,call
6,3936144392,return
2,3936606813,return
2,3937023033,call
2,3937181142,return
6,3938028936,call
6,3938774673,return
6,3940019667,call
6,3940146502,return
8,3952029406,call
8,3952586341,return
4,3954015975,call
8,3954016330,call
8,3954156047,return
4,3954610421,return
4,3955015067,call
4,3955173358,return
2,3961018035,call
2,3962019466,return
2,3962020966,call
2,3962232014,return
6,3964020596,call
6,3964803629,return
6,3966018388,call
6,3966211274,return
8,3977017474,call
8,3977622554,return
8,3978016374,call
4,3978023828,call
8,3978168529,return
4,3978891625,return
4,3978925447,call
4,3985320847,return
2,3986017218,call
2,3986693691,return
2,3987015463,call
2,3987137025,return
6,3989026266,call
6,3989679903,return
6,3991013563,call
6,3991109137,return
5,3991424195,return
5,3991445155,call
3,4010434199,call
3,4016420145,return
3,4016437262,call
3,4016521316,return
5,4068060783,return
5,4068082439,call
1,4077110239,call
3,4096023955,call
3,4097144513,return
1,4114556805,return
1,4114596210,call
3,4116022363,call
3,4116727501,return
3,4117013187,call
3,4117112077,return
1,4119039753,return
1,4119052750,call
1,4119136174,return
7,4138525295,call
8,4144016358,call
4,4146013526,call
5,4146967695,return
5,4147014174,call
2,4153028405,call
6,4157012642,call
8,4158963633,return
8,4158977239,call
8,4159048845,return
4,4159986220,return
4,4159999117,call
4,4160093887,return
6,4164209909,return
6,4164225725,call
6,4164303427,return
8,4165012548,call
8,4165536930,return
4,4167011841,call
8,4167013070,call
8,4167105839,return
4,4167662717,return
2,4167793328,return
2,4167808298,call
2,4167936298,return
4,4168009428,call
4,4168125328,return
2,4175027285,call
2,4175575607,return
2,4176018569,call
2,4176152049,return
6,4178012667,call
6,4178769666,return
6,4179012609,call
6,4179116665,return
7,4181011772,return
7,4181028789,call
7,4183454014,return
7,4183469166,call
7,4183533715,return
5,4218546478,return
5,4218567327,call
1,4224021960,call
1,4224795199,return
1,4225016467,call
1,4225151777,return
7,4231025232,call
7,4231728479,return
7,4232015714,call
7,4232150347,return
3,4235039401,call
3,4260373342,return
3,4260389397,call
3,4260483331,return
3,4260504211,call
3,4260568511,return
5,4276357166,return
5,4276375674,call
8,4283012596,call
8,4283591018,return
4,4284028924,call
8,4284032958,call
8,4284126368,return
4,4284796036,return
4,4284807867,call
4,4284870745,return
1,4289022708,call
1,4289732437,return
1,4290013295,call
1,4290128158,return
2,4292014547,call
2,4292625162,return
2,4293012564,call
7,4293016896,call
2,4293126923,return
7,4293702764,return
7,4295012453,call
6,4295026708,call
7,4295106137,return
6,4295629334,return
6,4296025861,call
6,4296142201,return
3,4298029158,call
3,4298803482,return
3,4298816487,call
3,4298892640,return
8,4346012321,call
8,4346508575,return
4,4348015531,call
8,4348016015,call
8,4348204639,return
4,4348621246,return
4,4349012664,call
4,4349106759,return
2,4355024913,call
2,4355538927,return
2,4357012637,call
2,4357119672,return
6,4359012673,call
6,4359684446,return
6,4360011947,call
6,4360130153,return
1,4373024504,call
1,4373708795,return
1,4376015734,call
1,4376186955,return
7,4379026271,call
7,4379766715,return
7,4382040075,call
7,4382190616,return
3,4383026222,call
3,4383641341,return
1,4384014024,call
1,4384835757,return
3,4385014129,call
3,4385134434,return
7,4389023758,call
7,4389537796,return
3,4393013182,call
3,4393539178,return
8,4431024758,call
8,4431566539,return
4,4433012256,call
4,4433611744,return
8,4434012880,call
8,4434155729,return
4,4435015668,call
4,4435145917,return
2,4440012687,call
2,4440530261,return
8,4441015677,call
8,4441378149,return
4,4443011522,call
6,4443011555,call
2,4443012425,call
2,4443137079,return
4,4443424498,return
6,4443704700,return
6,4445011579,call
6,4445104796,return
2,4450012173,call
2,4450456560,return
6,4454011887,call
6,4454707189,return
5,4465780967,return
5,4465801928,call
5,4483130777,return
5,4483150379,call
5,4512064019,return
5,4512089599,call
5,4542270200,return
5,4542289783,call
5,4646749696,return
5,4646767920,call
5,4695185495,return
5,4695203603,call
5,4725228584,return
5,4725247897,call
5,4799888846,return
5,4799908209,call
5,4879743489,return
5,4879781851,call
1,4887037655,call
1,4887448977,return
1,4888020272,call
7,4892042039,call
7,4892397545,return
7,4893024766,call
3,4896048965,call
3,4896956161,return
3,4897009800,call
5,4905285543,return
5,4905304745,call
5,4938690712,return
5,4938709366,call
8,4944015523,call
8,4944333245,return
8,4946013166,call
4,4946028235,call
4,4946344238,return
4,4947017189,call
1,4948023433,return
1,4948083521,call
1,4948367104,return
2,4953018380,call
2,4953250324,return
7,4953678992,return
7,4953694646,call
7,4953877907,return
2,4955012308,call
5,4955638994,return
5,4955657781,call
6,4957018261,call
3,4957209341,return
3,4957226926,call
6,4957347310,return
3,4957397404,return
6,4958012275,call
8,4976388029,return
8,4976401641,call
8,4976546634,return
4,4977084428,return
4,4977106881,call
4,4977378260,return
6,4980418297,return
6,4980431242,call
6,4980580444,return
5,4980874341,return
5,4980893279,call
2,4985247867,return
2,4985260510,call
2,4985431785,return
5,5044192830,return
5,5044213787,call
5,5061275140,return
5,5061294741,call
5,5061495409,return
